OBJECTID,Province_State,Country_Region,Lat,Long_,Confirmed,Recovered,Deaths,Active,Admin2,FIPS,Combined_Key,datetime
1,NA,Afghanistan,33.93911,67.709953,158974,0,7383,0,NA,NA,Afghanistan,2022-01-18 16:21:15
2,NA,Albania,41.1533,20.1683,233654,0,3271,0,NA,NA,Albania,2022-01-18 16:21:15
3,NA,Algeria,28.0339,1.6596,226749,0,6423,0,NA,NA,Algeria,2022-01-18 16:21:15
4,NA,Andorra,42.5063,1.5218,29888,0,142,0,NA,NA,Andorra,2022-01-18 16:21:15
5,NA,Angola,-11.2027,17.8739,93974,0,1866,0,NA,NA,Angola,2022-01-18 16:21:15
6,NA,Antigua and Barbuda,17.0608,-61.7964,5321,0,120,0,NA,NA,Antigua and Barbuda,2022-01-18 16:21:15
7,NA,Argentina,-38.4161,-63.6167,7197323,0,118231,0,NA,NA,Argentina,2022-01-18 16:21:15
8,NA,Armenia,40.0691,45.0382,348145,0,8022,0,NA,NA,Armenia,2022-01-18 16:21:15
9,Australian Capital Territory,Australia,-35.4735,149.0124,26341,0,20,0,NA,NA,Australian Capital Territory, Australia,2022-01-18 16:21:15
10,New South Wales,Australia,-33.8688,151.2093,832520,0,919,0,NA,NA,New South Wales, Australia,2022-01-18 16:21:15
11,Northern Territory,Australia,-12.4634,130.8456,7318,0,2,0,NA,NA,Northern Territory, Australia,2022-01-18 16:21:15
12,Queensland,Australia,-27.4698,153.0251,245633,0,52,0,NA,NA,Queensland, Australia,2022-01-18 16:21:15
13,South Australia,Australia,-34.9285,138.6007,78301,0,44,0,NA,NA,South Australia, Australia,2022-01-18 16:21:15
14,Tasmania,Australia,-42.8821,147.3272,20361,0,13,0,NA,NA,Tasmania, Australia,2022-01-18 16:21:15
15,Victoria,Australia,-37.8136,144.9631,664238,0,1717,0,NA,NA,Victoria, Australia,2022-01-18 16:21:15
16,Western Australia,Australia,-31.9505,115.8605,1323,0,9,0,NA,NA,Western Australia, Australia,2022-01-18 16:21:15
17,NA,Austria,47.5162,14.5501,1475991,0,13942,0,NA,NA,Austria,2022-01-18 16:21:15
18,NA,Azerbaijan,40.1431,47.5769,627015,0,8541,0,NA,NA,Azerbaijan,2022-01-18 16:21:15
19,NA,Bahamas,25.025885,-78.035889,30850,0,719,0,NA,NA,Bahamas,2022-01-18 16:21:15
20,NA,Bahrain,26.0275,50.55,310906,0,1398,0,NA,NA,Bahrain,2022-01-18 16:21:15
21,NA,Bangladesh,23.685,90.3563,1632794,0,28164,0,NA,NA,Bangladesh,2022-01-18 16:21:15
22,NA,Barbados,13.1939,-59.5432,35734,0,269,0,NA,NA,Barbados,2022-01-18 16:21:15
23,NA,Belarus,53.7098,27.9534,718098,0,5850,0,NA,NA,Belarus,2022-01-18 16:21:15
24,Antwerp,Belgium,51.2195,4.4024,358901,0,0,0,NA,NA,Antwerp, Belgium,2022-01-18 16:21:15
25,Brussels,Belgium,50.8503,4.3517,309827,0,0,0,NA,NA,Brussels, Belgium,2022-01-18 16:21:15
26,East Flanders,Belgium,51.0362,3.7373,310075,0,0,0,NA,NA,East Flanders, Belgium,2022-01-18 16:21:15
27,Flemish Brabant,Belgium,50.9167,4.5833,225915,0,0,0,NA,NA,Flemish Brabant, Belgium,2022-01-18 16:21:15
28,Hainaut,Belgium,50.5257,4.0621,291793,0,0,0,NA,NA,Hainaut, Belgium,2022-01-18 16:21:15
29,Liege,Belgium,50.4496,5.8492,257040,0,0,0,NA,NA,Liege, Belgium,2022-01-18 16:21:15
30,Limburg,Belgium,50.9739,5.342,163804,0,0,0,NA,NA,Limburg, Belgium,2022-01-18 16:21:15
31,Luxembourg,Belgium,50.0547,5.4677,63278,0,0,0,NA,NA,Luxembourg, Belgium,2022-01-18 16:21:15
32,Namur,Belgium,50.331,4.8221,113220,0,0,0,NA,NA,Namur, Belgium,2022-01-18 16:21:15
33,Unknown,Belgium,NA,NA,40989,0,28661,0,NA,NA,Unknown, Belgium,2022-01-18 16:21:15
34,Walloon Brabant,Belgium,50.4,4.35,96405,0,0,0,NA,NA,Walloon Brabant, Belgium,2022-01-18 16:21:15
35,West Flanders,Belgium,51.0536,3.1458,252780,0,0,0,NA,NA,West Flanders, Belgium,2022-01-18 16:21:15
36,NA,Belize,17.1899,-88.4976,41867,0,611,0,NA,NA,Belize,2022-01-18 16:21:15
37,NA,Benin,9.3077,2.3158,26036,0,162,0,NA,NA,Benin,2022-01-18 16:21:15
38,NA,Bhutan,27.5142,90.4336,3170,0,3,0,NA,NA,Bhutan,2022-01-18 16:21:15
39,NA,Bolivia,-16.2902,-63.5887,763392,0,20291,0,NA,NA,Bolivia,2022-01-18 16:21:15
40,NA,Bosnia and Herzegovina,43.9159,17.6791,321034,0,13888,0,NA,NA,Bosnia and Herzegovina,2022-01-18 16:21:15
41,NA,Botswana,-22.3285,24.6849,239887,0,2534,0,NA,NA,Botswana,2022-01-18 16:21:15
42,Acre,Brazil,-9.0238,-70.812,90250,0,1854,0,NA,NA,Acre, Brazil,2022-01-18 16:21:15
43,Alagoas,Brazil,-9.5713,-36.782,246044,0,6395,0,NA,NA,Alagoas, Brazil,2022-01-18 16:21:15
44,Amapa,Brazil,0.902,-52.003,129580,0,2031,0,NA,NA,Amapa, Brazil,2022-01-18 16:21:15
45,Amazonas,Brazil,-3.4168,-65.8561,452433,0,13858,0,NA,NA,Amazonas, Brazil,2022-01-18 16:21:15
46,Bahia,Brazil,-12.5797,-41.7007,1290351,0,27672,0,NA,NA,Bahia, Brazil,2022-01-18 16:21:15
47,Ceara,Brazil,-5.4984,-39.3206,978476,0,24913,0,NA,NA,Ceara, Brazil,2022-01-18 16:21:15
48,Distrito Federal,Brazil,-15.7998,-47.8645,546900,0,11128,0,NA,NA,Distrito Federal, Brazil,2022-01-18 16:21:15
49,Espirito Santo,Brazil,-19.1834,-40.3089,671240,0,13376,0,NA,NA,Espirito Santo, Brazil,2022-01-18 16:21:15
50,Goias,Brazil,-15.827,-49.8362,972995,0,24769,0,NA,NA,Goias, Brazil,2022-01-18 16:21:15
51,Maranhao,Brazil,-4.9609,-45.2744,374563,0,10422,0,NA,NA,Maranhao, Brazil,2022-01-18 16:21:15
52,Mato Grosso,Brazil,-12.6819,-56.9211,579494,0,14130,0,NA,NA,Mato Grosso, Brazil,2022-01-18 16:21:15
53,Mato Grosso do Sul,Brazil,-20.7722,-54.7852,392408,0,9759,0,NA,NA,Mato Grosso do Sul, Brazil,2022-01-18 16:21:15
54,Minas Gerais,Brazil,-18.5122,-44.555,2362231,0,56832,0,NA,NA,Minas Gerais, Brazil,2022-01-18 16:21:15
55,Para,Brazil,-1.9981,-54.9306,634200,0,17249,0,NA,NA,Para, Brazil,2022-01-18 16:21:15
56,Paraiba,Brazil,-7.24,-36.782,468652,0,9617,0,NA,NA,Paraiba, Brazil,2022-01-18 16:21:15
57,Parana,Brazil,-25.2521,-52.0215,1709569,0,40940,0,NA,NA,Parana, Brazil,2022-01-18 16:21:15
58,Pernambuco,Brazil,-8.8137,-36.9541,655476,0,20554,0,NA,NA,Pernambuco, Brazil,2022-01-18 16:21:15
59,Piaui,Brazil,-7.7183,-42.7289,345171,0,7323,0,NA,NA,Piaui, Brazil,2022-01-18 16:21:15
60,Rio Grande do Norte,Brazil,-5.4026,-36.9541,394421,0,7604,0,NA,NA,Rio Grande do Norte, Brazil,2022-01-18 16:21:15
61,Rio Grande do Sul,Brazil,-30.0346,-51.2177,1594960,0,36533,0,NA,NA,Rio Grande do Sul, Brazil,2022-01-18 16:21:15
62,Rio de Janeiro,Brazil,-22.9068,-43.1729,1444349,0,69586,0,NA,NA,Rio de Janeiro, Brazil,2022-01-18 16:21:15
63,Rondonia,Brazil,-11.5057,-63.5806,291441,0,6791,0,NA,NA,Rondonia, Brazil,2022-01-18 16:21:15
64,Roraima,Brazil,-2.7376,-62.0751,133029,0,2078,0,NA,NA,Roraima, Brazil,2022-01-18 16:21:15
65,Santa Catarina,Brazil,-27.2423,-50.2189,1304925,0,20284,0,NA,NA,Santa Catarina, Brazil,2022-01-18 16:21:15
66,Sao Paulo,Brazil,-23.5505,-46.6333,4501846,0,155741,0,NA,NA,Sao Paulo, Brazil,2022-01-18 16:21:15
67,Sergipe,Brazil,-10.5741,-37.3857,280308,0,6067,0,NA,NA,Sergipe, Brazil,2022-01-18 16:21:15
68,Tocantins,Brazil,-10.1753,-48.2982,244197,0,3972,0,NA,NA,Tocantins, Brazil,2022-01-18 16:21:15
69,NA,Brunei,4.5353,114.7277,15901,0,98,0,NA,NA,Brunei,2022-01-18 16:21:15
70,NA,Bulgaria,42.7339,25.4858,830604,0,32247,0,NA,NA,Bulgaria,2022-01-18 16:21:15
71,NA,Burkina Faso,12.2383,-1.5616,20249,0,339,0,NA,NA,Burkina Faso,2022-01-18 16:21:15
72,NA,Burma,21.9162,95.956,533408,0,19305,0,NA,NA,Burma,2022-01-18 16:21:15
73,NA,Burundi,-3.3731,29.9189,36654,0,38,0,NA,NA,Burundi,2022-01-18 16:21:15
74,NA,Cabo Verde,16.5388,-23.0418,54367,0,376,0,NA,NA,Cabo Verde,2022-01-18 16:21:15
75,NA,Cambodia,11.55,104.9167,120847,0,3015,0,NA,NA,Cambodia,2022-01-18 16:21:15
76,NA,Cameroon,3.848,11.5021,109666,0,1853,0,NA,NA,Cameroon,2022-01-18 16:21:15
77,Alberta,Canada,53.9333,-116.5765,452381,0,3403,0,NA,NA,Alberta, Canada,2022-01-18 16:21:15
78,British Columbia,Canada,53.7267,-127.6476,299146,0,2490,0,NA,NA,British Columbia, Canada,2022-01-18 16:21:15
79,Diamond Princess,Canada,NA,NA,0,0,1,0,NA,NA,Diamond Princess, Canada,2020-12-21 13:27:30
80,Grand Princess,Canada,NA,NA,13,0,0,0,NA,NA,Grand Princess, Canada,2020-12-21 13:27:30
81,Manitoba,Canada,53.7609,-98.8139,110593,0,1463,0,NA,NA,Manitoba, Canada,2022-01-18 16:21:15
82,New Brunswick,Canada,46.5653,-66.4619,23173,0,189,0,NA,NA,New Brunswick, Canada,2022-01-18 16:21:15
83,Newfoundland and Labrador,Canada,53.1355,-57.6604,13032,0,26,0,NA,NA,Newfoundland and Labrador, Canada,2022-01-18 16:21:15
84,Northwest Territories,Canada,64.8255,-124.8457,4055,0,13,0,NA,NA,Northwest Territories, Canada,2022-01-18 16:21:15
85,Nova Scotia,Canada,44.682,-63.7443,31445,0,121,0,NA,NA,Nova Scotia, Canada,2022-01-18 16:21:15
86,Nunavut,Canada,70.2998,-83.1076,1195,0,4,0,NA,NA,Nunavut, Canada,2022-01-18 16:21:15
87,Ontario,Canada,51.2538,-85.3232,971033,0,10702,0,NA,NA,Ontario, Canada,2022-01-18 16:21:15
88,Prince Edward Island,Canada,46.5107,-63.4168,4401,0,0,0,NA,NA,Prince Edward Island, Canada,2022-01-18 16:21:15
89,Quebec,Canada,52.9399,-73.5491,801152,0,12364,0,NA,NA,Quebec, Canada,2022-01-18 16:21:15
90,Repatriated Travellers,Canada,NA,NA,13,0,0,0,NA,NA,Repatriated Travellers, Canada,2022-01-18 16:21:15
91,Saskatchewan,Canada,52.9399,-106.4509,101537,0,961,0,NA,NA,Saskatchewan, Canada,2022-01-18 16:21:15
92,Yukon,Canada,64.2823,-135,2720,0,15,0,NA,NA,Yukon, Canada,2022-01-18 16:21:15
93,NA,Central African Republic,6.6111,20.9394,13319,0,108,0,NA,NA,Central African Republic,2022-01-18 16:21:15
94,NA,Chad,15.4542,18.7322,6887,0,185,0,NA,NA,Chad,2022-01-18 16:21:15
95,Antofagasta,Chile,-23.6509,-70.3975,73333,0,1298,0,NA,NA,Antofagasta, Chile,2022-01-18 16:21:15
96,Araucania,Chile,-38.9489,-72.3311,108637,0,1570,0,NA,NA,Araucania, Chile,2022-01-18 16:21:15
97,Arica y Parinacota,Chile,-18.594,-69.4785,33065,0,547,0,NA,NA,Arica y Parinacota, Chile,2022-01-18 16:21:15
98,Atacama,Chile,-27.5661,-70.0503,32189,0,385,0,NA,NA,Atacama, Chile,2022-01-18 16:21:15
99,Aysen,Chile,-45.9864,-73.7669,10802,0,100,0,NA,NA,Aysen, Chile,2022-01-18 16:21:15
100,Biobio,Chile,-37.4464,-72.1416,171868,0,2893,0,NA,NA,Biobio, Chile,2022-01-18 16:21:15
101,Coquimbo,Chile,-29.959,-71.3389,57662,0,1110,0,NA,NA,Coquimbo, Chile,2022-01-18 16:21:15
102,Los Lagos,Chile,-41.9198,-72.1416,101577,0,1557,0,NA,NA,Los Lagos, Chile,2022-01-18 16:21:15
103,Los Rios,Chile,-40.231,-72.3311,55602,0,739,0,NA,NA,Los Rios, Chile,2022-01-18 16:21:15
104,Magallanes,Chile,-52.368,-70.9863,33111,0,514,0,NA,NA,Magallanes, Chile,2022-01-18 16:21:15
105,Maule,Chile,-35.5183,-71.6885,111619,0,1875,0,NA,NA,Maule, Chile,2022-01-18 16:21:15
106,Metropolitana,Chile,-33.4376,-70.6505,786393,0,20018,0,NA,NA,Metropolitana, Chile,2022-01-18 16:21:15
107,Nuble,Chile,-36.7226,-71.7622,40802,0,681,0,NA,NA,Nuble, Chile,2022-01-18 16:21:15
108,OHiggins,Chile,-34.5755,-71.0022,74862,0,1637,0,NA,NA,OHiggins, Chile,2022-01-18 16:21:15
109,Tarapaca,Chile,-19.9232,-69.5132,55489,0,840,0,NA,NA,Tarapaca, Chile,2022-01-18 16:21:15
110,Unknown,Chile,NA,NA,56,0,0,0,NA,NA,Unknown, Chile,2022-01-18 16:21:15
111,Valparaiso,Chile,-33.0472,-71.6127,146048,0,3663,0,NA,NA,Valparaiso, Chile,2022-01-18 16:21:15
112,Anhui,China,31.8257,117.2264,1009,0,6,0,NA,NA,Anhui, China,2022-01-18 16:21:15
113,Beijing,China,40.1824,116.4142,1231,0,9,0,NA,NA,Beijing, China,2022-01-18 16:21:15
114,Chongqing,China,30.0572,107.874,611,0,6,0,NA,NA,Chongqing, China,2022-01-18 16:21:15
115,Fujian,China,26.0789,117.9874,1443,0,1,0,NA,NA,Fujian, China,2022-01-18 16:21:15
116,Gansu,China,35.7518,104.2861,356,0,2,0,NA,NA,Gansu, China,2022-01-18 16:21:15
117,Guangdong,China,23.3417,113.4244,3675,0,8,0,NA,NA,Guangdong, China,2022-01-18 16:21:15
118,Guangxi,China,23.8298,108.7881,688,0,2,0,NA,NA,Guangxi, China,2022-01-18 16:21:15
119,Guizhou,China,26.8154,106.8748,160,0,2,0,NA,NA,Guizhou, China,2022-01-18 16:21:15
120,Hainan,China,19.1959,109.7453,190,0,6,0,NA,NA,Hainan, China,2022-01-18 16:21:15
121,Hebei,China,37.8957,114.9042,1458,0,7,0,NA,NA,Hebei, China,2022-01-18 16:21:15
122,Heilongjiang,China,47.862,127.7615,2035,0,13,0,NA,NA,Heilongjiang, China,2022-01-18 16:21:15
123,Henan,China,33.882,113.614,2573,0,22,0,NA,NA,Henan, China,2022-01-18 16:21:15
124,Hong Kong,China,22.3,114.2,12873,0,213,0,NA,NA,Hong Kong, China,2022-01-18 16:21:15
125,Hubei,China,30.9756,112.2707,68320,0,4512,0,NA,NA,Hubei, China,2022-01-18 16:21:15
126,Hunan,China,27.6104,111.7088,1230,0,4,0,NA,NA,Hunan, China,2022-01-18 16:21:15
127,Inner Mongolia,China,44.0935,113.9448,1191,0,1,0,NA,NA,Inner Mongolia, China,2022-01-18 16:21:15
128,Jiangsu,China,32.9711,119.455,1629,0,0,0,NA,NA,Jiangsu, China,2022-01-18 16:21:15
129,Jiangxi,China,27.614,115.7221,959,0,1,0,NA,NA,Jiangxi, China,2022-01-18 16:21:15
130,Jilin,China,43.6661,126.1923,590,0,3,0,NA,NA,Jilin, China,2022-01-18 16:21:15
131,Liaoning,China,41.2956,122.6085,810,0,2,0,NA,NA,Liaoning, China,2022-01-18 16:21:15
132,Macau,China,22.1667,113.55,79,0,0,0,NA,NA,Macau, China,2022-01-18 16:21:15
133,Ningxia,China,37.2692,106.1655,122,0,0,0,NA,NA,Ningxia, China,2022-01-18 16:21:15
134,Qinghai,China,35.7452,95.9956,30,0,0,0,NA,NA,Qinghai, China,2022-01-18 16:21:15
135,Shaanxi,China,35.1917,108.8701,2823,0,3,0,NA,NA,Shaanxi, China,2022-01-18 16:21:15
136,Shandong,China,36.3427,118.1498,1054,0,7,0,NA,NA,Shandong, China,2022-01-18 16:21:15
137,Shanghai,China,31.202,121.4491,3554,0,7,0,NA,NA,Shanghai, China,2022-01-18 16:21:15
138,Shanxi,China,37.5777,112.2922,266,0,0,0,NA,NA,Shanxi, China,2022-01-18 16:21:15
139,Sichuan,China,30.6171,102.7103,1361,0,3,0,NA,NA,Sichuan, China,2022-01-18 16:21:15
140,Tianjin,China,39.3054,117.323,962,0,3,0,NA,NA,Tianjin, China,2022-01-18 16:21:15
141,Tibet,China,31.6927,88.0924,1,0,0,0,NA,NA,Tibet, China,2022-01-18 16:21:15
142,Unknown,China,NA,NA,0,0,0,0,NA,NA,Unknown, China,2022-01-18 16:21:15
143,Xinjiang,China,41.1129,85.2401,981,0,3,0,NA,NA,Xinjiang, China,2022-01-18 16:21:15
144,Yunnan,China,24.974,101.487,1849,0,2,0,NA,NA,Yunnan, China,2022-01-18 16:21:15
145,Zhejiang,China,29.1832,120.0934,2098,0,1,0,NA,NA,Zhejiang, China,2022-01-18 16:21:15
146,Amazonas,Colombia,-1.4429,-71.5724,7167,0,260,0,NA,NA,Amazonas, Colombia,2022-01-18 16:21:15
147,Antioquia,Colombia,7.1986,-75.3412,870350,0,17144,0,NA,NA,Antioquia, Colombia,2022-01-18 16:21:15
148,Arauca,Colombia,7.0762,-70.7105,14804,0,492,0,NA,NA,Arauca, Colombia,2022-01-18 16:21:15
149,Atlantico,Colombia,10.6966,-74.8741,367207,0,9770,0,NA,NA,Atlantico, Colombia,2022-01-18 16:21:15
150,Bolivar,Colombia,8.6704,-74.03,185065,0,3089,0,NA,NA,Bolivar, Colombia,2022-01-18 16:21:15
151,Boyaca,Colombia,5.4545,-73.362,114937,0,2598,0,NA,NA,Boyaca, Colombia,2022-01-18 16:21:15
152,Caldas,Colombia,5.2983,-75.2479,110847,0,2310,0,NA,NA,Caldas, Colombia,2022-01-18 16:21:15
153,Capital District,Colombia,4.711,-74.0721,1579133,0,27829,0,NA,NA,Capital District, Colombia,2022-01-18 16:21:15
154,Caqueta,Colombia,0.8699,-73.8419,23629,0,950,0,NA,NA,Caqueta, Colombia,2022-01-18 16:21:15
155,Casanare,Colombia,5.7589,-71.5724,37365,0,944,0,NA,NA,Casanare, Colombia,2022-01-18 16:21:15
156,Cauca,Colombia,2.705,-76.826,65160,0,1612,0,NA,NA,Cauca, Colombia,2022-01-18 16:21:15
157,Cesar,Colombia,9.3373,-73.6536,97110,0,2579,0,NA,NA,Cesar, Colombia,2022-01-18 16:21:15
158,Choco,Colombia,5.2528,-76.826,17844,0,407,0,NA,NA,Choco, Colombia,2022-01-18 16:21:15
159,Cordoba,Colombia,8.0493,-75.574,109865,0,3755,0,NA,NA,Cordoba, Colombia,2022-01-18 16:21:15
160,Cundinamarca,Colombia,5.026,-74.03,284335,0,6881,0,NA,NA,Cundinamarca, Colombia,2022-01-18 16:21:15
161,Guainia,Colombia,2.5854,-68.5247,2620,0,35,0,NA,NA,Guainia, Colombia,2022-01-18 16:21:15
162,Guaviare,Colombia,1.0654,-73.2603,5298,0,97,0,NA,NA,Guaviare, Colombia,2022-01-18 16:21:15
163,Huila,Colombia,2.5359,-75.5277,93712,0,3237,0,NA,NA,Huila, Colombia,2022-01-18 16:21:15
164,La Guajira,Colombia,11.3548,-72.5205,49191,0,1456,0,NA,NA,La Guajira, Colombia,2022-01-18 16:21:15
165,Magdalena,Colombia,10.4113,-74.4057,106294,0,3503,0,NA,NA,Magdalena, Colombia,2022-01-18 16:21:15
166,Meta,Colombia,3.272,-73.0877,95121,0,2324,0,NA,NA,Meta, Colombia,2022-01-18 16:21:15
167,Narino,Colombia,1.2892,-77.3579,98378,0,3059,0,NA,NA,Narino, Colombia,2022-01-18 16:21:15
168,Norte de Santander,Colombia,7.9463,-72.8988,106064,0,4760,0,NA,NA,Norte de Santander, Colombia,2022-01-18 16:21:15
169,Putumayo,Colombia,0.436,-75.5277,18709,0,724,0,NA,NA,Putumayo, Colombia,2022-01-18 16:21:15
170,Quindio,Colombia,4.461,-75.6674,65255,0,1879,0,NA,NA,Quindio, Colombia,2022-01-18 16:21:15
171,Risaralda,Colombia,5.3158,-75.9928,98390,0,2302,0,NA,NA,Risaralda, Colombia,2022-01-18 16:21:15
172,San Andres y Providencia,Colombia,12.5567,-81.7185,9329,0,152,0,NA,NA,San Andres y Providencia, Colombia,2022-01-18 16:21:15
173,Santander,Colombia,6.6437,-73.6536,249384,0,7596,0,NA,NA,Santander, Colombia,2022-01-18 16:21:15
174,Sucre,Colombia,8.814,-74.7233,61604,0,1630,0,NA,NA,Sucre, Colombia,2022-01-18 16:21:15
175,Tolima,Colombia,4.0925,-75.1545,115193,0,3712,0,NA,NA,Tolima, Colombia,2022-01-18 16:21:15
176,Unknown,Colombia,NA,NA,0,0,296,0,NA,NA,Unknown, Colombia,2022-01-18 16:21:15
177,Valle del Cauca,Colombia,3.8009,-76.6413,503811,0,13673,0,NA,NA,Valle del Cauca, Colombia,2022-01-18 16:21:15
178,Vaupes,Colombia,0.8554,-70.812,1808,0,17,0,NA,NA,Vaupes, Colombia,2022-01-18 16:21:15
179,Vichada,Colombia,4.4234,-69.2878,3089,0,58,0,NA,NA,Vichada, Colombia,2022-01-18 16:21:15
180,NA,Comoros,-11.6455,43.3333,7767,0,159,0,NA,NA,Comoros,2022-01-18 16:21:15
181,NA,Congo (Brazzaville),-0.228,15.8277,23244,0,371,0,NA,NA,Congo (Brazzaville),2022-01-18 16:21:15
182,NA,Congo (Kinshasa),-4.0383,21.7587,82984,0,1278,0,NA,NA,Congo (Kinshasa),2022-01-18 16:21:15
183,NA,Costa Rica,9.7489,-83.7534,620587,0,7421,0,NA,NA,Costa Rica,2022-01-18 16:21:15
184,NA,Cote d'Ivoire,7.54,-5.5471,79273,0,761,0,NA,NA,Cote d'Ivoire,2022-01-18 16:21:15
185,NA,Croatia,45.1,15.2,826380,0,13212,0,NA,NA,Croatia,2022-01-18 16:21:15
186,NA,Cuba,21.521757,-77.781167,1005649,0,8345,0,NA,NA,Cuba,2022-01-18 16:21:15
187,NA,Cyprus,35.1264,33.4299,228881,0,684,0,NA,NA,Cyprus,2022-01-18 16:21:15
188,NA,Czechia,49.8175,15.473,2624121,0,36910,0,NA,NA,Czechia,2022-01-18 16:21:15
189,NA,Denmark,56.2639,9.5018,1193479,0,3519,0,NA,NA,Denmark,2022-01-18 16:21:15
190,Faroe Islands,Denmark,61.8926,-6.9118,10584,0,15,0,NA,NA,Faroe Islands, Denmark,2022-01-18 16:21:15
191,Greenland,Denmark,71.7069,-42.6043,8025,0,3,0,NA,NA,Greenland, Denmark,2022-01-18 16:21:15
192,NA,Diamond Princess,NA,NA,712,0,13,0,NA,NA,Diamond Princess,2022-01-18 16:21:15
193,NA,Djibouti,11.8251,42.5903,15089,0,189,0,NA,NA,Djibouti,2022-01-18 16:21:15
194,NA,Dominica,15.415,-61.371,7957,0,48,0,NA,NA,Dominica,2022-01-18 16:21:15
195,NA,Dominican Republic,18.7357,-70.1627,510458,0,4269,0,NA,NA,Dominican Republic,2022-01-18 16:21:15
196,NA,Ecuador,-1.8312,-78.1834,629507,0,34232,0,NA,NA,Ecuador,2022-01-18 16:21:15
197,NA,Egypt,26.820553,30.802498,401308,0,22179,0,NA,NA,Egypt,2022-01-18 16:21:15
198,NA,El Salvador,13.7942,-88.8965,123577,0,3837,0,NA,NA,El Salvador,2022-01-18 16:21:15
199,NA,Equatorial Guinea,1.6508,10.2679,15492,0,178,0,NA,NA,Equatorial Guinea,2022-01-18 16:21:15
200,NA,Eritrea,15.1794,39.7823,9002,0,88,0,NA,NA,Eritrea,2022-01-18 16:21:15
201,NA,Estonia,58.5953,25.0136,271500,0,1987,0,NA,NA,Estonia,2022-01-18 16:21:15
202,NA,Eswatini,-26.5225,31.4659,67878,0,1363,0,NA,NA,Eswatini,2022-01-18 16:21:15
203,NA,Ethiopia,9.145,40.4897,458203,0,7162,0,NA,NA,Ethiopia,2022-01-18 16:21:15
204,NA,Fiji,-17.7134,178.065,59785,0,746,0,NA,NA,Fiji,2022-01-18 16:21:15
205,NA,Finland,61.92411,25.748151,371135,0,1724,0,NA,NA,Finland,2022-01-18 16:21:15
206,NA,France,46.2276,2.2137,13882214,0,124375,0,NA,NA,France,2022-01-18 16:21:15
207,French Guiana,France,4,-53,67275,0,348,0,NA,NA,French Guiana, France,2022-01-18 16:21:15
208,French Polynesia,France,-17.6797,-149.4068,47132,0,636,0,NA,NA,French Polynesia, France,2022-01-18 16:21:15
209,Guadeloupe,France,16.265,-61.551,73660,0,835,0,NA,NA,Guadeloupe, France,2022-01-18 16:21:15
210,Martinique,France,14.6415,-61.0242,65380,0,805,0,NA,NA,Martinique, France,2022-01-18 16:21:15
211,Mayotte,France,-12.8275,45.166244,33757,0,186,0,NA,NA,Mayotte, France,2022-01-18 16:21:15
212,New Caledonia,France,-20.904305,165.618042,14157,0,282,0,NA,NA,New Caledonia, France,2022-01-18 16:21:15
213,Reunion,France,-21.1151,55.5364,102216,0,435,0,NA,NA,Reunion, France,2022-01-18 16:21:15
214,Saint Barthelemy,France,17.9,-62.8333,2952,0,6,0,NA,NA,Saint Barthelemy, France,2022-01-18 16:21:15
215,Saint Pierre and Miquelon,France,46.8852,-56.3159,415,0,0,0,NA,NA,Saint Pierre and Miquelon, France,2022-01-18 16:21:15
216,St Martin,France,18.0708,-63.0501,7713,0,60,0,NA,NA,St Martin, France,2022-01-18 16:21:15
217,Wallis and Futuna,France,-14.2938,-178.1165,454,0,7,0,NA,NA,Wallis and Futuna, France,2022-01-18 16:21:15
218,NA,Gabon,-0.8037,11.6094,45405,0,299,0,NA,NA,Gabon,2022-01-18 16:21:15
219,NA,Gambia,13.4432,-15.3101,11572,0,347,0,NA,NA,Gambia,2022-01-18 16:21:15
220,NA,Georgia,42.3154,43.3569,1006864,0,14512,0,NA,NA,Georgia,2022-01-18 16:21:15
221,Baden-Wurttemberg,Germany,48.6616,9.3501,1131663,0,13453,0,NA,NA,Baden-Wurttemberg, Germany,2022-01-18 16:21:15
222,Bayern,Germany,48.7904,11.4979,1465779,0,20190,0,NA,NA,Bayern, Germany,2022-01-18 16:21:15
223,Berlin,Germany,52.52,13.405,404693,0,4067,0,NA,NA,Berlin, Germany,2022-01-18 16:21:15
224,Brandenburg,Germany,52.4125,12.5316,276196,0,4899,0,NA,NA,Brandenburg, Germany,2022-01-18 16:21:15
225,Bremen,Germany,53.0793,8.8017,67153,0,624,0,NA,NA,Bremen, Germany,2022-01-18 16:21:15
226,Hamburg,Germany,53.5511,9.9937,181438,0,2049,0,NA,NA,Hamburg, Germany,2022-01-18 16:21:15
227,Hessen,Germany,50.6521,9.1624,556833,0,8678,0,NA,NA,Hessen, Germany,2022-01-18 16:21:15
228,Mecklenburg-Vorpommern,Germany,53.6127,12.4296,116821,0,1582,0,NA,NA,Mecklenburg-Vorpommern, Germany,2022-01-18 16:21:15
229,Niedersachsen,Germany,52.6367,9.8451,514864,0,7002,0,NA,NA,Niedersachsen, Germany,2022-01-18 16:21:15
230,Nordrhein-Westfalen,Germany,51.4332,7.6616,1577296,0,20781,0,NA,NA,Nordrhein-Westfalen, Germany,2022-01-18 16:21:15
231,Rheinland-Pfalz,Germany,50.1183,7.309,318156,0,4751,0,NA,NA,Rheinland-Pfalz, Germany,2022-01-18 16:21:15
232,Saarland,Germany,49.3964,7.023,83580,0,1299,0,NA,NA,Saarland, Germany,2022-01-18 16:21:15
233,Sachsen,Germany,51.1045,13.2017,684207,0,13835,0,NA,NA,Sachsen, Germany,2022-01-18 16:21:15
234,Sachsen-Anhalt,Germany,51.9503,11.6923,241364,0,4495,0,NA,NA,Sachsen-Anhalt, Germany,2022-01-18 16:21:15
235,Schleswig-Holstein,Germany,54.2194,9.6961,164357,0,1922,0,NA,NA,Schleswig-Holstein, Germany,2022-01-18 16:21:15
236,Thuringen,Germany,51.011,10.8453,304175,0,6278,0,NA,NA,Thuringen, Germany,2022-01-18 16:21:15
237,Unknown,Germany,NA,NA,29603,0,0,0,NA,NA,Unknown, Germany,2022-01-18 16:21:15
238,NA,Ghana,7.9465,-1.0232,153514,0,1343,0,NA,NA,Ghana,2022-01-18 16:21:15
239,NA,Greece,39.0742,21.8243,1679705,0,22087,0,NA,NA,Greece,2022-01-18 16:21:15
240,NA,Grenada,12.1165,-61.679,10188,0,204,0,NA,NA,Grenada,2022-01-18 16:21:15
241,NA,Guatemala,15.7835,-90.2308,653555,0,16179,0,NA,NA,Guatemala,2022-01-18 16:21:15
242,NA,Guinea,9.9456,-9.6966,35602,0,408,0,NA,NA,Guinea,2022-01-18 16:21:15
243,NA,Guinea-Bissau,11.8037,-15.1804,7034,0,152,0,NA,NA,Guinea-Bissau,2022-01-18 16:21:15
244,NA,Guyana,4.860416,-58.93018,52095,0,1096,0,NA,NA,Guyana,2022-01-18 16:21:15
245,NA,Haiti,18.9712,-72.2852,27819,0,780,0,NA,NA,Haiti,2022-01-18 16:21:15
246,NA,Holy See,41.9029,12.4534,27,0,0,0,NA,NA,Holy See,2022-01-18 16:21:15
247,NA,Honduras,15.2,-86.2419,385362,0,10455,0,NA,NA,Honduras,2022-01-18 16:21:15
248,NA,Hungary,47.1625,19.5033,1355084,0,40601,0,NA,NA,Hungary,2022-01-18 16:21:15
249,NA,Iceland,64.9631,-19.0208,49972,0,44,0,NA,NA,Iceland,2022-01-18 16:21:15
250,Andaman and Nicobar Islands,India,11.225999,92.968178,8695,0,129,0,NA,NA,Andaman and Nicobar Islands, India,2022-01-18 16:21:15
251,Andhra Pradesh,India,15.9129,79.74,2110388,0,14510,0,NA,NA,Andhra Pradesh, India,2022-01-18 16:21:15
252,Arunachal Pradesh,India,27.768456,96.384277,57037,0,282,0,NA,NA,Arunachal Pradesh, India,2022-01-18 16:21:15
253,Assam,India,26.357149,92.830441,653717,0,6217,0,NA,NA,Assam, India,2022-01-18 16:21:15
254,Bihar,India,25.679658,85.60484,790653,0,12141,0,NA,NA,Bihar, India,2022-01-18 16:21:15
255,Chandigarh,India,30.733839,76.768278,78492,0,1089,0,NA,NA,Chandigarh, India,2022-01-18 16:21:15
256,Chhattisgarh,India,21.264705,82.035366,1064290,0,13664,0,NA,NA,Chhattisgarh, India,2022-01-18 16:21:15
257,Dadra and Nagar Haveli and Daman and Diu,India,20.194742,73.080901,11006,0,4,0,NA,NA,Dadra and Nagar Haveli and Daman and Diu, India,2022-01-18 16:21:15
258,Delhi,India,28.646519,77.10898,1722497,0,25387,0,NA,NA,Delhi, India,2022-01-18 16:21:15
259,Goa,India,15.359682,74.057396,212649,0,3563,0,NA,NA,Goa, India,2022-01-18 16:21:15
260,Gujarat,India,22.694884,71.590923,938993,0,10164,0,NA,NA,Gujarat, India,2022-01-18 16:21:15
261,Haryana,India,29.20004,76.332824,856102,0,10116,0,NA,NA,Haryana, India,2022-01-18 16:21:15
262,Himachal Pradesh,India,31.927213,77.233081,245811,0,3897,0,NA,NA,Himachal Pradesh, India,2022-01-18 16:21:15
263,Jammu and Kashmir,India,33.75943,76.612638,362200,0,4572,0,NA,NA,Jammu and Kashmir, India,2022-01-18 16:21:15
264,Jharkhand,India,23.654536,85.557631,407808,0,5209,0,NA,NA,Jharkhand, India,2022-01-18 16:21:15
265,Karnataka,India,14.70518,76.166436,3247243,0,38445,0,NA,NA,Karnataka, India,2022-01-18 16:21:15
266,Kerala,India,10.450898,76.405749,5401777,0,50904,0,NA,NA,Kerala, India,2022-01-18 16:21:15
267,Ladakh,India,34.1526,77.5771,23536,0,222,0,NA,NA,Ladakh, India,2022-01-18 16:21:15
268,Lakshadweep,India,13.6999972,72.1833326,10533,0,51,0,NA,NA,Lakshadweep, India,2022-01-18 16:21:15
269,Madhya Pradesh,India,23.541513,78.289633,837893,0,10545,0,NA,NA,Madhya Pradesh, India,2022-01-18 16:21:15
270,Maharashtra,India,19.449759,76.108221,7242921,0,141832,0,NA,NA,Maharashtra, India,2022-01-18 16:21:15
271,Manipur,India,24.738975,93.882541,127493,0,2015,0,NA,NA,Manipur, India,2022-01-18 16:21:15
272,Meghalaya,India,25.536934,91.278882,86532,0,1490,0,NA,NA,Meghalaya, India,2022-01-18 16:21:15
273,Mizoram,India,23.309381,92.83822,153758,0,573,0,NA,NA,Mizoram, India,2022-01-18 16:21:15
274,Nagaland,India,26.06702,94.470302,32964,0,703,0,NA,NA,Nagaland, India,2022-01-18 16:21:15
275,Odisha,India,20.505428,84.418059,1144401,0,8484,0,NA,NA,Odisha, India,2022-01-18 16:21:15
276,Puducherry,India,11.882658,78.86498,138617,0,1890,0,NA,NA,Puducherry, India,2022-01-18 16:21:15
277,Punjab,India,30.841465,75.40879,670460,0,16790,0,NA,NA,Punjab, India,2022-01-18 16:21:15
278,Rajasthan,India,26.583423,73.847973,1046895,0,9010,0,NA,NA,Rajasthan, India,2022-01-18 16:21:15
279,Sikkim,India,27.571671,88.472712,34929,0,413,0,NA,NA,Sikkim, India,2022-01-18 16:21:15
280,Tamil Nadu,India,11.006091,78.400624,2963366,0,37009,0,NA,NA,Tamil Nadu, India,2022-01-18 16:21:15
281,Telangana,India,18.1124,79.0193,711656,0,4060,0,NA,NA,Telangana, India,2022-01-18 16:21:15
282,Tripura,India,23.746783,91.743565,92961,0,844,0,NA,NA,Tripura, India,2022-01-18 16:21:15
283,Unknown,India,NA,NA,0,0,0,0,NA,NA,Unknown, India,2022-01-18 16:21:15
284,Uttar Pradesh,India,26.925425,80.560982,1849665,0,22972,0,NA,NA,Uttar Pradesh, India,2022-01-18 16:21:15
285,Uttarakhand,India,30.156447,79.197608,373249,0,7444,0,NA,NA,Uttarakhand, India,2022-01-18 16:21:15
286,West Bengal,India,23.814082,87.979803,1907084,0,20121,0,NA,NA,West Bengal, India,2022-01-18 16:21:15
287,NA,Indonesia,-0.7893,113.9213,4273783,0,144183,0,NA,NA,Indonesia,2022-01-18 16:21:15
288,NA,Iran,32.427908,53.688046,6227849,0,132113,0,NA,NA,Iran,2022-01-18 16:21:15
289,NA,Iraq,33.223191,43.679291,2125266,0,24262,0,NA,NA,Iraq,2022-01-18 16:21:15
290,NA,Ireland,53.1424,-7.6921,1109818,0,6035,0,NA,NA,Ireland,2022-01-18 16:21:15
291,NA,Israel,31.046051,34.851612,1792130,0,8318,0,NA,NA,Israel,2022-01-18 16:21:15
292,Abruzzo,Italy,42.35122196,13.39843823,167963,0,2705,0,NA,NA,Abruzzo, Italy,2022-01-18 16:21:15
293,Basilicata,Italy,40.63947052,15.80514834,48704,0,658,0,NA,NA,Basilicata, Italy,2022-01-18 16:21:15
294,Calabria,Italy,38.90597598,16.59440194,146790,0,1731,0,NA,NA,Calabria, Italy,2022-01-18 16:21:15
295,Campania,Italy,40.83956555,14.25084984,851120,0,8744,0,NA,NA,Campania, Italy,2022-01-18 16:21:15
296,Emilia-Romagna,Italy,44.49436681,11.3417208,816613,0,14577,0,NA,NA,Emilia-Romagna, Italy,2022-01-18 16:21:15
297,Friuli Venezia Giulia,Italy,45.6494354,13.76813649,209855,0,4355,0,NA,NA,Friuli Venezia Giulia, Italy,2022-01-18 16:21:15
298,Lazio,Italy,41.89277044,12.48366722,702076,0,9535,0,NA,NA,Lazio, Italy,2022-01-18 16:21:15
299,Liguria,Italy,44.41149315,8.9326992,223801,0,4729,0,NA,NA,Liguria, Italy,2022-01-18 16:21:15
300,Lombardia,Italy,45.46679409,9.190347404,1784827,0,35992,0,NA,NA,Lombardia, Italy,2022-01-18 16:21:15
301,Marche,Italy,43.61675973,13.5188753,184334,0,3314,0,NA,NA,Marche, Italy,2022-01-18 16:21:15
302,Molise,Italy,41.55774754,14.65916051,24298,0,516,0,NA,NA,Molise, Italy,2022-01-18 16:21:15
303,P.A. Bolzano,Italy,46.49933453,11.35662422,128509,0,1331,0,NA,NA,P.A. Bolzano, Italy,2022-01-18 16:21:15
304,P.A. Trento,Italy,46.06893511,11.12123097,94945,0,1449,0,NA,NA,P.A. Trento, Italy,2022-01-18 16:21:15
305,Piemonte,Italy,45.0732745,7.680687483,703472,0,12313,0,NA,NA,Piemonte, Italy,2022-01-18 16:21:15
306,Puglia,Italy,41.12559576,16.86736689,440403,0,7064,0,NA,NA,Puglia, Italy,2022-01-18 16:21:15
307,Sardegna,Italy,39.21531192,9.110616306,108213,0,1766,0,NA,NA,Sardegna, Italy,2022-01-18 16:21:15
308,Sicilia,Italy,38.11569725,13.3623567,526659,0,7938,0,NA,NA,Sicilia, Italy,2022-01-18 16:21:15
309,Toscana,Italy,43.76923077,11.25588885,587041,0,7863,0,NA,NA,Toscana, Italy,2022-01-18 16:21:15
310,Umbria,Italy,43.10675841,12.38824698,128670,0,1562,0,NA,NA,Umbria, Italy,2022-01-18 16:21:15
311,Valle d'Aosta,Italy,45.73750286,7.320149366,24121,0,496,0,NA,NA,Valle d'Aosta, Italy,2022-01-18 16:21:15
312,Veneto,Italy,45.43490485,12.33845213,887888,0,12753,0,NA,NA,Veneto, Italy,2022-01-18 16:21:15
313,NA,Jamaica,18.1096,-77.2975,113438,0,2536,0,NA,NA,Jamaica,2022-01-18 16:21:15
314,Aichi,Japan,35.035551,137.211621,117841,0,1165,0,NA,NA,Aichi, Japan,2022-01-18 16:21:15
315,Akita,Japan,39.748679,140.408228,2171,0,27,0,NA,NA,Akita, Japan,2022-01-18 16:21:15
316,Aomori,Japan,40.781541,140.828896,6718,0,39,0,NA,NA,Aomori, Japan,2022-01-18 16:21:15
317,Chiba,Japan,35.510141,140.198917,108696,0,1029,0,NA,NA,Chiba, Japan,2022-01-18 16:21:15
318,Ehime,Japan,33.624835,132.856842,6835,0,82,0,NA,NA,Ehime, Japan,2022-01-18 16:21:15
319,Fukui,Japan,35.846614,136.224654,3717,0,38,0,NA,NA,Fukui, Japan,2022-01-18 16:21:15
320,Fukuoka,Japan,33.526032,130.666949,82482,0,628,0,NA,NA,Fukuoka, Japan,2022-01-18 16:21:15
321,Fukushima,Japan,37.378867,140.223295,10057,0,176,0,NA,NA,Fukushima, Japan,2022-01-18 16:21:15
322,Gifu,Japan,35.778671,137.055925,20909,0,219,0,NA,NA,Gifu, Japan,2022-01-18 16:21:15
323,Gunma,Japan,36.504479,138.985605,19831,0,182,0,NA,NA,Gunma, Japan,2022-01-18 16:21:15
324,Hiroshima,Japan,34.605309,132.788719,32531,0,209,0,NA,NA,Hiroshima, Japan,2022-01-18 16:21:15
325,Hokkaido,Japan,43.385711,142.552318,65970,0,1478,0,NA,NA,Hokkaido, Japan,2022-01-18 16:21:15
326,Hyogo,Japan,35.039913,134.828057,87180,0,1400,0,NA,NA,Hyogo, Japan,2022-01-18 16:21:15
327,Ibaraki,Japan,36.303588,140.319591,26515,0,220,0,NA,NA,Ibaraki, Japan,2022-01-18 16:21:15
328,Ishikawa,Japan,36.769464,136.771027,8646,0,139,0,NA,NA,Ishikawa, Japan,2022-01-18 16:21:15
329,Iwate,Japan,39.593287,141.361777,3638,0,53,0,NA,NA,Iwate, Japan,2022-01-18 16:21:15
330,Kagawa,Japan,34.217292,133.969047,5333,0,38,0,NA,NA,Kagawa, Japan,2022-01-18 16:21:15
331,Kagoshima,Japan,31.009484,130.430665,10840,0,66,0,NA,NA,Kagoshima, Japan,2022-01-18 16:21:15
332,Kanagawa,Japan,35.415312,139.338983,181835,0,1322,0,NA,NA,Kanagawa, Japan,2022-01-18 16:21:15
333,Kochi,Japan,33.422519,133.367307,4407,0,33,0,NA,NA,Kochi, Japan,2022-01-18 16:21:15
334,Kumamoto,Japan,32.608154,130.745231,17438,0,138,0,NA,NA,Kumamoto, Japan,2022-01-18 16:21:15
335,Kyoto,Japan,35.253815,135.443341,42085,0,292,0,NA,NA,Kyoto, Japan,2022-01-18 16:21:15
336,Mie,Japan,34.508018,136.376013,16301,0,165,0,NA,NA,Mie, Japan,2022-01-18 16:21:15
337,Miyagi,Japan,38.446859,140.927086,16978,0,118,0,NA,NA,Miyagi, Japan,2022-01-18 16:21:15
338,Miyazaki,Japan,32.193204,131.299374,6984,0,41,0,NA,NA,Miyazaki, Japan,2022-01-18 16:21:15
339,Nagano,Japan,36.132134,138.045528,11164,0,97,0,NA,NA,Nagano, Japan,2022-01-18 16:21:15
340,Nagasaki,Japan,33.235712,129.608033,7618,0,73,0,NA,NA,Nagasaki, Japan,2022-01-18 16:21:15
341,Nara,Japan,34.317451,135.871644,17653,0,149,0,NA,NA,Nara, Japan,2022-01-18 16:21:15
342,Niigata,Japan,37.521819,138.918647,10301,0,63,0,NA,NA,Niigata, Japan,2022-01-18 16:21:15
343,Oita,Japan,33.200697,131.43324,9090,0,84,0,NA,NA,Oita, Japan,2022-01-18 16:21:15
344,Okayama,Japan,34.89246,133.826252,17319,0,136,0,NA,NA,Okayama, Japan,2022-01-18 16:21:15
345,Okinawa,Japan,25.768923,126.668016,69069,0,398,0,NA,NA,Okinawa, Japan,2022-01-18 16:21:15
346,Osaka,Japan,34.620965,135.507481,230805,0,3070,0,NA,NA,Osaka, Japan,2022-01-18 16:21:15
347,Port Quarantine,Japan,NA,NA,4463,0,4,0,NA,NA,Port Quarantine, Japan,2021-11-10 23:21:44
348,Saga,Japan,33.286977,130.115738,7204,0,30,0,NA,NA,Saga, Japan,2022-01-18 16:21:15
349,Saitama,Japan,35.997101,139.347635,125641,0,1060,0,NA,NA,Saitama, Japan,2022-01-18 16:21:15
350,Shiga,Japan,35.215827,136.138064,15007,0,105,0,NA,NA,Shiga, Japan,2022-01-18 16:21:15
351,Shimane,Japan,35.07076,132.554064,2608,0,5,0,NA,NA,Shimane, Japan,2022-01-18 16:21:15
352,Shizuoka,Japan,34.916975,138.407784,30552,0,210,0,NA,NA,Shizuoka, Japan,2022-01-18 16:21:15
353,Tochigi,Japan,36.689912,139.819213,17491,0,119,0,NA,NA,Tochigi, Japan,2022-01-18 16:21:15
354,Tokushima,Japan,33.919178,134.242091,3542,0,66,0,NA,NA,Tokushima, Japan,2022-01-18 16:21:15
355,Tokyo,Japan,35.711343,139.446921,416738,0,3179,0,NA,NA,Tokyo, Japan,2022-01-18 16:21:15
356,Tottori,Japan,35.359069,133.863619,2060,0,5,0,NA,NA,Tottori, Japan,2022-01-18 16:21:15
357,Toyama,Japan,36.637464,137.269346,5148,0,52,0,NA,NA,Toyama, Japan,2022-01-18 16:21:15
358,Unknown,Japan,NA,NA,8,0,0,0,NA,NA,Unknown, Japan,2021-11-10 23:21:44
359,Wakayama,Japan,33.911879,135.505446,6426,0,62,0,NA,NA,Wakayama, Japan,2022-01-18 16:21:15
360,Yamagata,Japan,38.448396,140.102154,3914,0,56,0,NA,NA,Yamagata, Japan,2022-01-18 16:21:15
361,Yamaguchi,Japan,34.20119,131.573293,8633,0,94,0,NA,NA,Yamaguchi, Japan,2022-01-18 16:21:15
362,Yamanashi,Japan,35.612364,138.611489,5999,0,29,0,NA,NA,Yamanashi, Japan,2022-01-18 16:21:15
363,NA,Jordan,31.24,36.51,1111181,0,13014,0,NA,NA,Jordan,2022-01-18 16:21:15
364,NA,Kazakhstan,48.0196,66.9237,1155871,0,18318,0,NA,NA,Kazakhstan,2022-01-18 16:21:15
365,NA,Kenya,-0.0236,37.9062,318249,0,5504,0,NA,NA,Kenya,2022-01-18 16:21:15
366,NA,Kiribati,-3.3704,-168.734,2,0,0,0,NA,NA,Kiribati,2022-01-18 16:21:15
367,NA,Korea, South,35.907757,127.766922,700102,0,6378,0,NA,NA,Korea, South,2022-01-18 16:21:15
368,NA,Kosovo,42.602636,20.902977,167582,0,2995,0,NA,NA,Kosovo,2022-01-18 16:21:15
369,NA,Kuwait,29.31166,47.481766,475303,0,2479,0,NA,NA,Kuwait,2022-01-18 16:21:15
370,NA,Kyrgyzstan,41.20438,74.766098,191288,0,2836,0,NA,NA,Kyrgyzstan,2022-01-18 16:21:15
371,NA,Laos,19.85627,102.495496,126066,0,500,0,NA,NA,Laos,2022-01-18 16:21:15
372,NA,Latvia,56.8796,24.6032,309060,0,4742,0,NA,NA,Latvia,2022-01-18 16:21:15
373,NA,Lebanon,33.8547,35.8623,826279,0,9397,0,NA,NA,Lebanon,2022-01-18 16:21:15
374,NA,Lesotho,-29.61,28.2336,31734,0,687,0,NA,NA,Lesotho,2022-01-18 16:21:15
375,NA,Liberia,6.428055,-9.429499,7121,0,287,0,NA,NA,Liberia,2022-01-18 16:21:15
376,NA,Libya,26.3351,17.228331,398940,0,5863,0,NA,NA,Libya,2022-01-18 16:21:15
377,NA,Liechtenstein,47.14,9.55,7340,0,73,0,NA,NA,Liechtenstein,2022-01-18 16:21:15
378,NA,Lithuania,55.1694,23.8813,575357,0,7681,0,NA,NA,Lithuania,2022-01-18 16:21:15
379,NA,Luxembourg,49.8153,6.1296,127765,0,938,0,NA,NA,Luxembourg,2022-01-18 16:21:15
380,NA,MS Zaandam,NA,NA,9,0,2,0,NA,NA,MS Zaandam,2022-01-18 16:21:15
381,NA,Madagascar,-18.766947,46.869107,55827,0,1169,0,NA,NA,Madagascar,2022-01-18 16:21:15
382,NA,Malawi,-13.2543,34.3015,82792,0,2474,0,NA,NA,Malawi,2022-01-18 16:21:15
383,Johor,Malaysia,1.4854,103.7618,251131,0,3894,0,NA,NA,Johor, Malaysia,2022-01-18 16:21:15
384,Kedah,Malaysia,6.1184,100.3685,172096,0,2180,0,NA,NA,Kedah, Malaysia,2022-01-18 16:21:15
385,Kelantan,Malaysia,6.1254,102.2381,173729,0,1267,0,NA,NA,Kelantan, Malaysia,2022-01-18 16:21:15
386,Melaka,Malaysia,2.1896,102.2501,78862,0,964,0,NA,NA,Melaka, Malaysia,2022-01-18 16:21:15
387,Negeri Sembilan,Malaysia,2.7258,101.9424,115800,0,1329,0,NA,NA,Negeri Sembilan, Malaysia,2022-01-18 16:21:15
388,Pahang,Malaysia,3.8126,103.3256,98694,0,794,0,NA,NA,Pahang, Malaysia,2022-01-18 16:21:15
389,Perak,Malaysia,4.5921,101.0901,131270,0,1420,0,NA,NA,Perak, Malaysia,2022-01-18 16:21:15
390,Perlis,Malaysia,6.4449,100.2048,7413,0,137,0,NA,NA,Perlis, Malaysia,2022-01-18 16:21:15
391,Pulau Pinang,Malaysia,5.4141,100.3288,164249,0,1763,0,NA,NA,Pulau Pinang, Malaysia,2022-01-18 16:21:15
392,Sabah,Malaysia,5.9788,116.0753,244380,0,2809,0,NA,NA,Sabah, Malaysia,2022-01-18 16:21:15
393,Sarawak,Malaysia,1.5533,110.3592,252609,0,1620,0,NA,NA,Sarawak, Malaysia,2022-01-18 16:21:15
394,Selangor,Malaysia,3.0738,101.5183,800311,0,10021,0,NA,NA,Selangor, Malaysia,2022-01-18 16:21:15
395,Terengganu,Malaysia,5.3117,103.1324,84354,0,746,0,NA,NA,Terengganu, Malaysia,2022-01-18 16:21:15
396,Unknown,Malaysia,NA,NA,0,0,0,0,NA,NA,Unknown, Malaysia,2022-01-18 16:21:15
397,W.P. Kuala Lumpur,Malaysia,3.139,101.6869,214997,0,2692,0,NA,NA,W.P. Kuala Lumpur, Malaysia,2022-01-18 16:21:15
398,W.P. Labuan,Malaysia,5.2831,115.2308,10998,0,151,0,NA,NA,W.P. Labuan, Malaysia,2022-01-18 16:21:15
399,W.P. Putrajaya,Malaysia,2.9264,101.6964,9796,0,22,0,NA,NA,W.P. Putrajaya, Malaysia,2022-01-18 16:21:15
400,NA,Maldives,3.2028,73.2207,105001,0,265,0,NA,NA,Maldives,2022-01-18 16:21:15
401,NA,Mali,17.570692,-3.996166,28755,0,692,0,NA,NA,Mali,2022-01-18 16:21:15
402,NA,Malta,35.9375,14.3754,64377,0,509,0,NA,NA,Malta,2022-01-18 16:21:15
403,NA,Marshall Islands,7.1315,171.1845,7,0,0,0,NA,NA,Marshall Islands,2022-01-18 16:21:15
404,NA,Mauritania,21.0079,-10.9408,55395,0,909,0,NA,NA,Mauritania,2022-01-18 16:21:15
405,NA,Mauritius,-20.348404,57.552152,24903,0,240,0,NA,NA,Mauritius,2022-01-18 16:21:15
406,Aguascalientes,Mexico,21.8853,-102.2916,43496,0,3091,0,NA,NA,Aguascalientes, Mexico,2022-01-18 16:21:15
407,Baja California,Mexico,30.8406,-115.2838,105550,0,11315,0,NA,NA,Baja California, Mexico,2022-01-18 16:21:15
408,Baja California Sur,Mexico,26.0444,-111.6661,75911,0,2444,0,NA,NA,Baja California Sur, Mexico,2022-01-18 16:21:15
409,Campeche,Mexico,19.8301,-90.5349,26130,0,2108,0,NA,NA,Campeche, Mexico,2022-01-18 16:21:15
410,Chiapas,Mexico,16.7569,-93.1292,24660,0,2300,0,NA,NA,Chiapas, Mexico,2022-01-18 16:21:15
411,Chihuahua,Mexico,28.633,-106.0691,93344,0,8940,0,NA,NA,Chihuahua, Mexico,2022-01-18 16:21:15
412,Ciudad de Mexico,Mexico,19.4326,-99.1332,1099047,0,40473,0,NA,NA,Ciudad de Mexico, Mexico,2022-01-18 16:21:15
413,Coahuila,Mexico,27.0587,-101.7068,117339,0,7941,0,NA,NA,Coahuila, Mexico,2022-01-18 16:21:15
414,Colima,Mexico,19.1223,-104.0072,37676,0,2043,0,NA,NA,Colima, Mexico,2022-01-18 16:21:15
415,Durango,Mexico,24.5593,-104.6588,57622,0,3198,0,NA,NA,Durango, Mexico,2022-01-18 16:21:15
416,Guanajuato,Mexico,21.019,-101.2574,223301,0,13586,0,NA,NA,Guanajuato, Mexico,2022-01-18 16:21:15
417,Guerrero,Mexico,17.4392,-99.5451,82055,0,6342,0,NA,NA,Guerrero, Mexico,2022-01-18 16:21:15
418,Hidalgo,Mexico,20.0911,-98.7624,68754,0,7930,0,NA,NA,Hidalgo, Mexico,2022-01-18 16:21:15
419,Jalisco,Mexico,20.6595,-103.3494,182496,0,17887,0,NA,NA,Jalisco, Mexico,2022-01-18 16:21:15
420,Mexico,Mexico,19.4969,-99.7233,413167,0,44962,0,NA,NA,Mexico, Mexico,2022-01-18 16:21:15
421,Michoacan,Mexico,19.5665,-101.7068,77759,0,8300,0,NA,NA,Michoacan, Mexico,2022-01-18 16:21:15
422,Morelos,Mexico,18.6813,-99.1013,53956,0,4961,0,NA,NA,Morelos, Mexico,2022-01-18 16:21:15
423,Nayarit,Mexico,21.7514,-104.8455,40471,0,2927,0,NA,NA,Nayarit, Mexico,2022-01-18 16:21:15
424,Nuevo Leon,Mexico,25.5922,-99.9962,232762,0,13815,0,NA,NA,Nuevo Leon, Mexico,2022-01-18 16:21:15
425,Oaxaca,Mexico,17.0732,-96.7266,89223,0,5680,0,NA,NA,Oaxaca, Mexico,2022-01-18 16:21:15
426,Puebla,Mexico,19.0414,-98.2063,133385,0,15783,0,NA,NA,Puebla, Mexico,2022-01-18 16:21:15
427,Queretaro,Mexico,20.5888,-100.3899,109340,0,5688,0,NA,NA,Queretaro, Mexico,2022-01-18 16:21:15
428,Quintana Roo,Mexico,19.1817,-88.4791,72890,0,4135,0,NA,NA,Quintana Roo, Mexico,2022-01-18 16:21:15
429,San Luis Potosi,Mexico,22.1565,-100.9855,128765,0,6872,0,NA,NA,San Luis Potosi, Mexico,2022-01-18 16:21:15
430,Sinaloa,Mexico,25.1721,-107.4795,87406,0,9055,0,NA,NA,Sinaloa, Mexico,2022-01-18 16:21:15
431,Sonora,Mexico,29.2972,-110.3309,134224,0,9301,0,NA,NA,Sonora, Mexico,2022-01-18 16:21:15
432,Tabasco,Mexico,17.8409,-92.6189,158471,0,5780,0,NA,NA,Tabasco, Mexico,2022-01-18 16:21:15
433,Tamaulipas,Mexico,24.2669,-98.8363,115792,0,7173,0,NA,NA,Tamaulipas, Mexico,2022-01-18 16:21:15
434,Tlaxcala,Mexico,19.3139,-98.2404,31338,0,3003,0,NA,NA,Tlaxcala, Mexico,2022-01-18 16:21:15
435,Unknown,Mexico,NA,NA,0,0,0,0,NA,NA,Unknown, Mexico,2022-01-18 16:21:15
436,Veracruz,Mexico,19.1738,-96.1342,130988,0,15186,0,NA,NA,Veracruz, Mexico,2022-01-18 16:21:15
437,Yucatan,Mexico,20.7099,-89.0943,85518,0,5756,0,NA,NA,Yucatan, Mexico,2022-01-18 16:21:15
438,Zacatecas,Mexico,22.7709,-102.5832,52579,0,3494,0,NA,NA,Zacatecas, Mexico,2022-01-18 16:21:15
439,NA,Micronesia,7.4256,150.5508,1,0,0,0,NA,NA,Micronesia,2022-01-18 16:21:15
440,NA,Moldova,47.4116,28.3699,390742,0,10452,0,NA,NA,Moldova,2022-01-18 16:21:15
441,NA,Monaco,43.7333,7.4167,6837,0,44,0,NA,NA,Monaco,2022-01-18 16:21:15
442,NA,Mongolia,46.8625,103.8467,411350,0,2089,0,NA,NA,Mongolia,2022-01-18 16:21:15
443,NA,Montenegro,42.708678,19.37439,204862,0,2479,0,NA,NA,Montenegro,2022-01-18 16:21:15
444,NA,Morocco,31.7917,-7.0926,1059586,0,15012,0,NA,NA,Morocco,2022-01-18 16:21:15
445,NA,Mozambique,-18.665695,35.529562,219390,0,2132,0,NA,NA,Mozambique,2022-01-18 16:21:15
446,NA,Namibia,-22.9576,18.4904,154536,0,3823,0,NA,NA,Namibia,2022-01-18 16:21:15
447,NA,Nepal,28.1667,84.25,868215,0,11624,0,NA,NA,Nepal,2022-01-18 16:21:15
448,Aruba,Netherlands,12.5211,-69.9683,30976,0,186,0,NA,NA,Aruba, Netherlands,2022-01-18 16:21:15
449,Bonaire, Sint Eustatius and Saba,Netherlands,12.1784,-68.2385,5649,0,26,0,NA,NA,Bonaire, Sint Eustatius and Saba, Netherlands,2022-01-18 16:21:15
450,Curacao,Netherlands,12.1696,-68.99,33942,0,206,0,NA,NA,Curacao, Netherlands,2022-01-18 16:21:15
451,Drenthe,Netherlands,52.862485,6.618435,72959,0,427,0,NA,NA,Drenthe, Netherlands,2022-01-18 16:21:15
452,Flevoland,Netherlands,52.550383,5.515162,83750,0,313,0,NA,NA,Flevoland, Netherlands,2022-01-18 16:21:15
453,Friesland,Netherlands,53.087337,5.7925,110403,0,586,0,NA,NA,Friesland, Netherlands,2022-01-18 16:21:15
454,Gelderland,Netherlands,52.061738,5.939114,402591,0,2610,0,NA,NA,Gelderland, Netherlands,2022-01-18 16:21:15
455,Groningen,Netherlands,53.217922,6.741514,89800,0,342,0,NA,NA,Groningen, Netherlands,2022-01-18 16:21:15
456,Limburg,Netherlands,51.209227,5.93387,249970,0,2077,0,NA,NA,Limburg, Netherlands,2022-01-18 16:21:15
457,Noord-Brabant,Netherlands,51.561174,5.184942,549796,0,3562,0,NA,NA,Noord-Brabant, Netherlands,2022-01-18 16:21:15
458,Noord-Holland,Netherlands,52.600906,4.918688,619547,0,3141,0,NA,NA,Noord-Holland, Netherlands,2022-01-18 16:21:15
459,Overijssel,Netherlands,52.444558,6.441722,229991,0,1347,0,NA,NA,Overijssel, Netherlands,2022-01-18 16:21:15
460,Sint Maarten,Netherlands,18.0425,-63.0548,8680,0,75,0,NA,NA,Sint Maarten, Netherlands,2022-01-18 16:21:15
461,Unknown,Netherlands,NA,NA,20265,0,20,0,NA,NA,Unknown, Netherlands,2022-01-18 16:21:15
462,Utrecht,Netherlands,52.084251,5.163824,287934,0,1479,0,NA,NA,Utrecht, Netherlands,2022-01-18 16:21:15
463,Zeeland,Netherlands,51.47936,3.861559,73082,0,358,0,NA,NA,Zeeland, Netherlands,2022-01-18 16:21:15
464,Zuid-Holland,Netherlands,51.937835,4.462114,821263,0,4896,0,NA,NA,Zuid-Holland, Netherlands,2022-01-18 16:21:15
465,NA,New Zealand,-40.9006,174.886,15170,0,52,0,NA,NA,New Zealand,2022-01-18 16:21:15
466,Cook Islands,New Zealand,-21.2367,-159.7777,2,0,0,0,NA,NA,Cook Islands, New Zealand,2022-01-18 16:21:15
467,NA,Nicaragua,12.865416,-85.207229,17563,0,218,0,NA,NA,Nicaragua,2022-01-18 16:21:15
468,NA,Niger,17.607789,8.081666,8413,0,293,0,NA,NA,Niger,2022-01-18 16:21:15
469,NA,Nigeria,9.082,8.6753,251178,0,3110,0,NA,NA,Nigeria,2022-01-18 16:21:15
470,NA,North Macedonia,41.6086,21.7453,245398,0,8115,0,NA,NA,North Macedonia,2022-01-18 16:21:15
471,NA,Norway,60.472,8.4689,523424,0,1382,0,NA,NA,Norway,2022-01-18 16:21:15
472,NA,Oman,21.512583,55.923255,314853,0,4122,0,NA,NA,Oman,2022-01-18 16:21:15
473,Azad Jammu and Kashmir,Pakistan,34.027401,73.947253,34770,0,749,0,NA,NA,Azad Jammu and Kashmir, Pakistan,2022-01-18 16:21:15
474,Balochistan,Pakistan,28.328492,65.898403,33729,0,367,0,NA,NA,Balochistan, Pakistan,2022-01-18 16:21:15
475,Gilgit-Baltistan,Pakistan,35.792146,74.982138,10446,0,187,0,NA,NA,Gilgit-Baltistan, Pakistan,2022-01-18 16:21:15
476,Islamabad,Pakistan,33.665087,73.121219,111855,0,969,0,NA,NA,Islamabad, Pakistan,2022-01-18 16:21:15
477,Khyber Pakhtunkhwa,Pakistan,34.485332,72.09169,182419,0,5963,0,NA,NA,Khyber Pakhtunkhwa, Pakistan,2022-01-18 16:21:15
478,Punjab,Pakistan,30.811346,72.139132,454372,0,13091,0,NA,NA,Punjab, Pakistan,2022-01-18 16:21:15
479,Sindh,Pakistan,26.009446,68.776807,505930,0,7703,0,NA,NA,Sindh, Pakistan,2022-01-18 16:21:15
480,NA,Palau,7.515,134.5825,8,0,0,0,NA,NA,Palau,2022-01-18 16:21:15
481,NA,Panama,8.538,-80.7821,580324,0,7528,0,NA,NA,Panama,2022-01-18 16:21:15
482,NA,Papua New Guinea,-6.314993,143.95555,36446,0,596,0,NA,NA,Papua New Guinea,2022-01-18 16:21:15
483,NA,Paraguay,-23.4425,-58.4438,504380,0,16844,0,NA,NA,Paraguay,2022-01-18 16:21:15
484,Amazonas,Peru,-5.077253,-78.050172,34029,0,1293,0,NA,NA,Amazonas, Peru,2022-01-18 16:21:15
485,Ancash,Peru,-9.407125,-77.671795,88759,0,6789,0,NA,NA,Ancash, Peru,2022-01-18 16:21:15
486,Apurimac,Peru,-14.027713,-72.975378,27769,0,1528,0,NA,NA,Apurimac, Peru,2022-01-18 16:21:15
487,Arequipa,Peru,-15.843524,-72.475539,129320,0,9776,0,NA,NA,Arequipa, Peru,2022-01-18 16:21:15
488,Ayacucho,Peru,-14.091648,-74.08344,36885,0,2171,0,NA,NA,Ayacucho, Peru,2022-01-18 16:21:15
489,Cajamarca,Peru,-6.430284,-78.745596,72311,0,4205,0,NA,NA,Cajamarca, Peru,2022-01-18 16:21:15
490,Callao,Peru,-11.954609,-77.136042,113655,0,10146,0,NA,NA,Callao, Peru,2022-01-18 16:21:15
491,Cusco,Peru,-13.191068,-72.153609,87145,0,4854,0,NA,NA,Cusco, Peru,2022-01-18 16:21:15
492,Huancavelica,Peru,-13.023888,-75.00277,17317,0,1185,0,NA,NA,Huancavelica, Peru,2022-01-18 16:21:15
493,Huanuco,Peru,-9.421676,-76.040642,39063,0,2734,0,NA,NA,Huanuco, Peru,2022-01-18 16:21:15
494,Ica,Peru,-14.235097,-75.574821,67451,0,8627,0,NA,NA,Ica, Peru,2022-01-18 16:21:15
495,Junin,Peru,-11.541783,-74.876968,95384,0,7121,0,NA,NA,Junin, Peru,2022-01-18 16:21:15
496,La Libertad,Peru,-7.92139,-78.370238,101353,0,10420,0,NA,NA,La Libertad, Peru,2022-01-18 16:21:15
497,Lambayeque,Peru,-6.353049,-79.824113,72748,0,8738,0,NA,NA,Lambayeque, Peru,2022-01-18 16:21:15
498,Lima,Peru,-11.766533,-76.604498,1132690,0,89734,0,NA,NA,Lima, Peru,2022-01-18 16:21:15
499,Loreto,Peru,-4.124847,-74.424115,46244,0,4285,0,NA,NA,Loreto, Peru,2022-01-18 16:21:15
500,Madre de Dios,Peru,-11.972699,-70.53172,14466,0,782,0,NA,NA,Madre de Dios, Peru,2022-01-18 16:21:15
501,Moquegua,Peru,-16.860271,-70.839046,32200,0,1542,0,NA,NA,Moquegua, Peru,2022-01-18 16:21:15
502,Pasco,Peru,-10.39655,-75.307635,17252,0,1051,0,NA,NA,Pasco, Peru,2022-01-18 16:21:15
503,Piura,Peru,-5.133361,-80.335861,103155,0,12327,0,NA,NA,Piura, Peru,2022-01-18 16:21:15
504,Puno,Peru,-14.995827,-69.922726,45159,0,4276,0,NA,NA,Puno, Peru,2022-01-18 16:21:15
505,San Martin,Peru,-7.039531,-76.729127,51053,0,3043,0,NA,NA,San Martin, Peru,2022-01-18 16:21:15
506,Tacna,Peru,-17.644161,-70.27756,34636,0,1984,0,NA,NA,Tacna, Peru,2022-01-18 16:21:15
507,Tumbes,Peru,-3.857496,-80.545255,19965,0,1600,0,NA,NA,Tumbes, Peru,2022-01-18 16:21:15
508,Ucayali,Peru,-9.621718,-73.444929,32780,0,3091,0,NA,NA,Ucayali, Peru,2022-01-18 16:21:15
509,Unknown,Peru,NA,NA,119037,0,248,0,NA,NA,Unknown, Peru,2022-01-18 16:21:15
510,NA,Philippines,12.879721,121.774017,3270758,0,52962,0,NA,NA,Philippines,2022-01-18 16:21:15
511,NA,Poland,51.9194,19.1451,4343130,0,102686,0,NA,NA,Poland,2022-01-18 16:21:15
512,NA,Portugal,39.3999,-8.2245,1906891,0,19334,0,NA,NA,Portugal,2022-01-18 16:21:15
513,NA,Qatar,25.3548,51.1839,307056,0,630,0,NA,NA,Qatar,2022-01-18 16:21:15
514,NA,Romania,45.9432,24.9668,1928306,0,59327,0,NA,NA,Romania,2022-01-18 16:21:15
515,Adygea Republic,Russia,44.6939006,40.1520421,28450,0,792,0,NA,NA,Adygea Republic, Russia,2022-01-18 16:21:15
516,Altai Krai,Russia,52.6932243,82.6931424,125067,0,7027,0,NA,NA,Altai Krai, Russia,2022-01-18 16:21:15
517,Altai Republic,Russia,50.7114101,86.8572186,25739,0,536,0,NA,NA,Altai Republic, Russia,2022-01-18 16:21:15
518,Amur Oblast,Russia,52.8032368,128.437295,57278,0,627,0,NA,NA,Amur Oblast, Russia,2022-01-18 16:21:15
519,Arkhangelsk Oblast,Russia,63.5589686,43.1221646,126609,0,1554,0,NA,NA,Arkhangelsk Oblast, Russia,2022-01-18 16:21:15
520,Astrakhan Oblast,Russia,47.1878186,47.608851,83705,0,2562,0,NA,NA,Astrakhan Oblast, Russia,2022-01-18 16:21:15
521,Bashkortostan Republic,Russia,54.8573563,57.1439682,125813,0,4595,0,NA,NA,Bashkortostan Republic, Russia,2022-01-18 16:21:15
522,Belgorod Oblast,Russia,50.7080119,37.5837615,83719,0,1851,0,NA,NA,Belgorod Oblast, Russia,2022-01-18 16:21:15
523,Bryansk Oblast,Russia,52.8873315,33.415853,99404,0,3090,0,NA,NA,Bryansk Oblast, Russia,2022-01-18 16:21:15
524,Buryatia Republic,Russia,52.7182426,109.492143,78592,0,2543,0,NA,NA,Buryatia Republic, Russia,2022-01-18 16:21:15
525,Chechen Republic,Russia,43.3976147,45.6985005,31973,0,975,0,NA,NA,Chechen Republic, Russia,2022-01-18 16:21:15
526,Chelyabinsk Oblast,Russia,54.4223954,61.1865846,150758,0,6386,0,NA,NA,Chelyabinsk Oblast, Russia,2022-01-18 16:21:15
527,Chukotka Autonomous Okrug,Russia,66.0006475,169.4900869,2993,0,39,0,NA,NA,Chukotka Autonomous Okrug, Russia,2022-01-18 16:21:15
528,Chuvashia Republic,Russia,55.4259922,47.0849429,47495,0,4148,0,NA,NA,Chuvashia Republic, Russia,2022-01-18 16:21:15
529,Dagestan Republic,Russia,43.0574916,47.1332224,68027,0,3289,0,NA,NA,Dagestan Republic, Russia,2022-01-18 16:21:15
530,Ingushetia Republic,Russia,43.11542075,45.01713552,29878,0,492,0,NA,NA,Ingushetia Republic, Russia,2022-01-18 16:21:15
531,Irkutsk Oblast,Russia,56.6370122,104.719221,162229,0,7211,0,NA,NA,Irkutsk Oblast, Russia,2022-01-18 16:21:15
532,Ivanovo Oblast,Russia,56.9167446,41.4352137,70156,0,2646,0,NA,NA,Ivanovo Oblast, Russia,2022-01-18 16:21:15
533,Jewish Autonomous Okrug,Russia,48.57527615,132.6630746,11963,0,434,0,NA,NA,Jewish Autonomous Okrug, Russia,2022-01-18 16:21:15
534,Kabardino-Balkarian Republic,Russia,43.4806048,43.5978976,43495,0,1530,0,NA,NA,Kabardino-Balkarian Republic, Russia,2022-01-18 16:21:15
535,Kaliningrad Oblast,Russia,54.7293041,21.1489473,85243,0,1345,0,NA,NA,Kaliningrad Oblast, Russia,2022-01-18 16:21:15
536,Kalmykia Republic,Russia,46.2313018,45.3275745,34272,0,760,0,NA,NA,Kalmykia Republic, Russia,2022-01-18 16:21:15
537,Kaluga Oblast,Russia,54.4382773,35.5272854,67414,0,1265,0,NA,NA,Kaluga Oblast, Russia,2022-01-18 16:21:15
538,Kamchatka Krai,Russia,57.1914882,160.0383819,24322,0,521,0,NA,NA,Kamchatka Krai, Russia,2022-01-18 16:21:15
539,Karachay-Cherkess Republic,Russia,43.7368326,41.7267991,33303,0,924,0,NA,NA,Karachay-Cherkess Republic, Russia,2022-01-18 16:21:15
540,Karelia Republic,Russia,62.6194031,33.4920267,92523,0,1263,0,NA,NA,Karelia Republic, Russia,2022-01-18 16:21:15
541,Kemerovo Oblast,Russia,54.5335781,87.342861,89540,0,1805,0,NA,NA,Kemerovo Oblast, Russia,2022-01-18 16:21:15
542,Khabarovsk Krai,Russia,51.6312684,136.121524,129648,0,1302,0,NA,NA,Khabarovsk Krai, Russia,2022-01-18 16:21:15
543,Khakassia Republic,Russia,53.72258845,91.44293627,55004,0,2084,0,NA,NA,Khakassia Republic, Russia,2022-01-18 16:21:15
544,Khanty-Mansi Autonomous Okrug,Russia,61.0259025,69.0982628,98740,0,2103,0,NA,NA,Khanty-Mansi Autonomous Okrug, Russia,2022-01-18 16:21:15
545,Kirov Oblast,Russia,57.9665589,49.4074599,82210,0,790,0,NA,NA,Kirov Oblast, Russia,2022-01-18 16:21:15
546,Komi Republic,Russia,63.9881421,54.3326073,99217,0,2725,0,NA,NA,Komi Republic, Russia,2022-01-18 16:21:15
547,Kostroma Oblast,Russia,58.424756,44.2533273,49383,0,1146,0,NA,NA,Kostroma Oblast, Russia,2022-01-18 16:21:15
548,Krasnodar Krai,Russia,45.7684014,39.0261044,126804,0,9960,0,NA,NA,Krasnodar Krai, Russia,2022-01-18 16:21:15
549,Krasnoyarsk Krai,Russia,63.3233807,97.0979974,178277,0,9148,0,NA,NA,Krasnoyarsk Krai, Russia,2022-01-18 16:21:15
550,Kurgan Oblast,Russia,55.7655302,64.5632681,52192,0,1033,0,NA,NA,Kurgan Oblast, Russia,2022-01-18 16:21:15
551,Kursk Oblast,Russia,51.6568453,36.4852695,83531,0,2124,0,NA,NA,Kursk Oblast, Russia,2022-01-18 16:21:15
552,Leningrad Oblast,Russia,60.1853296,32.3925325,106214,0,3092,0,NA,NA,Leningrad Oblast, Russia,2022-01-18 16:21:15
553,Lipetsk Oblast,Russia,52.6935178,39.1122664,86500,0,2941,0,NA,NA,Lipetsk Oblast, Russia,2022-01-18 16:21:15
554,Magadan Oblast,Russia,62.48858785,153.9903764,13897,0,356,0,NA,NA,Magadan Oblast, Russia,2022-01-18 16:21:15
555,Mari El Republic,Russia,56.5767504,47.8817512,30072,0,958,0,NA,NA,Mari El Republic, Russia,2022-01-18 16:21:15
556,Mordovia Republic,Russia,54.4419829,44.4661144,41473,0,1094,0,NA,NA,Mordovia Republic, Russia,2022-01-18 16:21:15
557,Moscow,Russia,55.7504461,37.6174943,2104575,0,38013,0,NA,NA,Moscow, Russia,2022-01-18 16:21:15
558,Moscow Oblast,Russia,55.5043158,38.0353929,669733,0,12841,0,NA,NA,Moscow Oblast, Russia,2022-01-18 16:21:15
559,Murmansk Oblast,Russia,68.0000418,33.9999151,93800,0,2857,0,NA,NA,Murmansk Oblast, Russia,2022-01-18 16:21:15
560,Nenets Autonomous Okrug,Russia,68.27557185,57.1686375,3568,0,89,0,NA,NA,Nenets Autonomous Okrug, Russia,2022-01-18 16:21:15
561,Nizhny Novgorod Oblast,Russia,55.4718033,44.0911594,237376,0,10247,0,NA,NA,Nizhny Novgorod Oblast, Russia,2022-01-18 16:21:15
562,North Ossetia - Alania Republic,Russia,42.7933611,44.6324493,32215,0,1038,0,NA,NA,North Ossetia - Alania Republic, Russia,2022-01-18 16:21:15
563,Novgorod Oblast,Russia,58.2843833,32.5169757,67292,0,805,0,NA,NA,Novgorod Oblast, Russia,2022-01-18 16:21:15
564,Novosibirsk Oblast,Russia,54.9720169,79.4813924,99349,0,4464,0,NA,NA,Novosibirsk Oblast, Russia,2022-01-18 16:21:15
565,Omsk Oblast,Russia,56.0935263,73.5099936,134677,0,3364,0,NA,NA,Omsk Oblast, Russia,2022-01-18 16:21:15
566,Orel Oblast,Russia,52.9685433,36.0692477,72795,0,1589,0,NA,NA,Orel Oblast, Russia,2022-01-18 16:21:15
567,Orenburg Oblast,Russia,52.0269262,54.7276647,109768,0,3548,0,NA,NA,Orenburg Oblast, Russia,2022-01-18 16:21:15
568,Penza Oblast,Russia,53.1655415,44.7879181,104961,0,4792,0,NA,NA,Penza Oblast, Russia,2022-01-18 16:21:15
569,Perm Krai,Russia,58.5951603,56.3159546,166639,0,7671,0,NA,NA,Perm Krai, Russia,2022-01-18 16:21:15
570,Primorsky Krai,Russia,45.0819456,134.726645,107211,0,1639,0,NA,NA,Primorsky Krai, Russia,2022-01-18 16:21:15
571,Pskov Oblast,Russia,57.5358729,28.8586826,73015,0,1361,0,NA,NA,Pskov Oblast, Russia,2022-01-18 16:21:15
572,Rostov Oblast,Russia,47.6222451,40.7957942,200690,0,9904,0,NA,NA,Rostov Oblast, Russia,2022-01-18 16:21:15
573,Ryazan Oblast,Russia,54.4226732,40.5705246,63152,0,2728,0,NA,NA,Ryazan Oblast, Russia,2022-01-18 16:21:15
574,Saint Petersburg,Russia,59.9606739,30.1586551,888716,0,29126,0,NA,NA,Saint Petersburg, Russia,2022-01-18 16:21:15
575,Sakha (Yakutiya) Republic,Russia,66.941626,129.642371,78818,0,1832,0,NA,NA,Sakha (Yakutiya) Republic, Russia,2022-01-18 16:21:15
576,Sakhalin Oblast,Russia,49.7219665,143.448533,44171,0,593,0,NA,NA,Sakhalin Oblast, Russia,2022-01-18 16:21:15
577,Samara Oblast,Russia,53.2128813,50.8914633,204604,0,6556,0,NA,NA,Samara Oblast, Russia,2022-01-18 16:21:15
578,Saratov Oblast,Russia,51.6520555,46.8631952,136728,0,5242,0,NA,NA,Saratov Oblast, Russia,2022-01-18 16:21:15
579,Smolensk Oblast,Russia,55.0343496,33.0192065,87018,0,2483,0,NA,NA,Smolensk Oblast, Russia,2022-01-18 16:21:15
580,Stavropol Krai,Russia,44.8632577,43.4406913,130985,0,6314,0,NA,NA,Stavropol Krai, Russia,2022-01-18 16:21:15
581,Sverdlovsk Oblast,Russia,58.6414755,61.8021546,206748,0,9786,0,NA,NA,Sverdlovsk Oblast, Russia,2022-01-18 16:21:15
582,Tambov Oblast,Russia,52.9019574,41.3578918,64154,0,1839,0,NA,NA,Tambov Oblast, Russia,2022-01-18 16:21:15
583,Tatarstan Republic,Russia,55.7648572,52.43104273,44522,0,1531,0,NA,NA,Tatarstan Republic, Russia,2022-01-18 16:21:15
584,Tomsk Oblast,Russia,58.6124279,82.0475315,64020,0,690,0,NA,NA,Tomsk Oblast, Russia,2022-01-18 16:21:15
585,Tula Oblast,Russia,53.9570701,37.3690909,78937,0,4456,0,NA,NA,Tula Oblast, Russia,2022-01-18 16:21:15
586,Tver Oblast,Russia,57.1134475,35.1744428,102440,0,2423,0,NA,NA,Tver Oblast, Russia,2022-01-18 16:21:15
587,Tyumen Oblast,Russia,58.8206488,70.3658837,94116,0,3622,0,NA,NA,Tyumen Oblast, Russia,2022-01-18 16:21:15
588,Tyva Republic,Russia,51.4017149,93.8582593,31856,0,332,0,NA,NA,Tyva Republic, Russia,2022-01-18 16:21:15
589,Udmurt Republic,Russia,57.1961165,52.6959832,80422,0,3282,0,NA,NA,Udmurt Republic, Russia,2022-01-18 16:21:15
590,Ulyanovsk Oblast,Russia,54.1463177,47.2324921,122369,0,3973,0,NA,NA,Ulyanovsk Oblast, Russia,2022-01-18 16:21:15
591,Vladimir Oblast,Russia,56.0503336,40.6561633,84534,0,3018,0,NA,NA,Vladimir Oblast, Russia,2022-01-18 16:21:15
592,Volgograd Oblast,Russia,49.6048339,44.2903582,132909,0,5817,0,NA,NA,Volgograd Oblast, Russia,2022-01-18 16:21:15
593,Vologda Oblast,Russia,60.0391461,43.1215213,101847,0,3106,0,NA,NA,Vologda Oblast, Russia,2022-01-18 16:21:15
594,Voronezh Oblast,Russia,50.9800393,40.1506507,198756,0,7157,0,NA,NA,Voronezh Oblast, Russia,2022-01-18 16:21:15
595,Yamalo-Nenets Autonomous Okrug,Russia,67.1471631,74.3415488,63141,0,971,0,NA,NA,Yamalo-Nenets Autonomous Okrug, Russia,2022-01-18 16:21:15
596,Yaroslavl Oblast,Russia,57.7781976,39.0021095,89169,0,2028,0,NA,NA,Yaroslavl Oblast, Russia,2022-01-18 16:21:15
597,Zabaykalsky Krai,Russia,52.248521,115.956325,97908,0,1975,0,NA,NA,Zabaykalsky Krai, Russia,2022-01-18 16:21:15
598,NA,Rwanda,-1.9403,29.8739,125568,0,1411,0,NA,NA,Rwanda,2022-01-18 16:21:15
599,NA,Saint Kitts and Nevis,17.357822,-62.782998,5026,0,28,0,NA,NA,Saint Kitts and Nevis,2022-01-18 16:21:15
600,NA,Saint Lucia,13.9094,-60.9789,17666,0,314,0,NA,NA,Saint Lucia,2022-01-18 16:21:15
601,NA,Saint Vincent and the Grenadines,12.9843,-61.2872,6599,0,87,0,NA,NA,Saint Vincent and the Grenadines,2022-01-18 16:21:15
602,NA,Samoa,-13.759,-172.1046,3,0,0,0,NA,NA,Samoa,2022-01-18 16:21:15
603,NA,San Marino,43.9424,12.4578,10641,0,103,0,NA,NA,San Marino,2022-01-18 16:21:15
604,NA,Sao Tome and Principe,0.1864,6.6131,5569,0,66,0,NA,NA,Sao Tome and Principe,2022-01-18 16:21:15
605,NA,Saudi Arabia,23.885942,45.079162,626808,0,8910,0,NA,NA,Saudi Arabia,2022-01-18 16:21:15
606,NA,Senegal,14.4974,-14.4524,83174,0,1912,0,NA,NA,Senegal,2022-01-18 16:21:15
607,NA,Serbia,44.0165,21.0059,1467198,0,13124,0,NA,NA,Serbia,2022-01-18 16:21:15
608,NA,Seychelles,-4.6796,55.492,32846,0,140,0,NA,NA,Seychelles,2022-01-18 16:21:15
609,NA,Sierra Leone,8.460555,-11.779889,7558,0,125,0,NA,NA,Sierra Leone,2022-01-18 16:21:15
610,NA,Singapore,1.2833,103.8333,293014,0,843,0,NA,NA,Singapore,2022-01-18 16:21:15
611,NA,Slovakia,48.669,19.699,1424653,0,17398,0,NA,NA,Slovakia,2022-01-18 16:21:15
612,NA,Slovenia,46.1512,14.9955,547013,0,5715,0,NA,NA,Slovenia,2022-01-18 16:21:15
613,NA,Solomon Islands,-9.6457,160.1562,25,0,0,0,NA,NA,Solomon Islands,2022-01-18 16:21:15
614,NA,Somalia,5.152149,46.199616,24261,0,1335,0,NA,NA,Somalia,2022-01-18 16:21:15
615,NA,South Africa,-30.5595,22.9375,3560921,0,93451,0,NA,NA,South Africa,2022-01-18 16:21:15
616,NA,South Sudan,6.877,31.307,16533,0,136,0,NA,NA,South Sudan,2022-01-18 16:21:15
617,Andalusia,Spain,37.5443,-4.7278,1137643,0,11668,0,NA,NA,Andalusia, Spain,2022-01-18 16:21:15
618,Aragon,Spain,41.5976,-0.9057,308983,0,4242,0,NA,NA,Aragon, Spain,2022-01-18 16:21:15
619,Asturias,Spain,43.3614,-5.8593,142819,0,2217,0,NA,NA,Asturias, Spain,2022-01-18 16:21:15
620,Baleares,Spain,39.710358,2.995148,182036,0,1088,0,NA,NA,Baleares, Spain,2022-01-18 16:21:15
621,C. Valenciana,Spain,39.484,-0.7533,851611,0,8262,0,NA,NA,C. Valenciana, Spain,2022-01-18 16:21:15
622,Canarias,Spain,28.2916,-16.6291,224035,0,1289,0,NA,NA,Canarias, Spain,2022-01-18 16:21:15
623,Cantabria,Spain,43.1828,-3.9878,88768,0,653,0,NA,NA,Cantabria, Spain,2022-01-18 16:21:15
624,Castilla - La Mancha,Spain,39.2796,-3.0977,375238,0,6666,0,NA,NA,Castilla - La Mancha, Spain,2022-01-18 16:21:15
625,Castilla y Leon,Spain,41.8357,-4.3976,525373,0,7699,0,NA,NA,Castilla y Leon, Spain,2022-01-18 16:21:15
626,Catalonia,Spain,41.5912,1.5209,1604986,0,16217,0,NA,NA,Catalonia, Spain,2022-01-18 16:21:15
627,Ceuta,Spain,35.8894,-5.3213,14223,0,135,0,NA,NA,Ceuta, Spain,2022-01-18 16:21:15
628,Extremadura,Spain,39.4937,-6.0679,180392,0,2063,0,NA,NA,Extremadura, Spain,2022-01-18 16:21:15
629,Galicia,Spain,42.5751,-8.1339,367110,0,2840,0,NA,NA,Galicia, Spain,2022-01-18 16:21:15
630,La Rioja,Spain,42.2871,-2.5396,74562,0,864,0,NA,NA,La Rioja, Spain,2022-01-18 16:21:15
631,Madrid,Spain,40.4168,-3.7038,1353424,0,16439,0,NA,NA,Madrid, Spain,2022-01-18 16:21:15
632,Melilla,Spain,35.2923,-2.9381,16599,0,124,0,NA,NA,Melilla, Spain,2022-01-18 16:21:15
633,Murcia,Spain,37.9922,-1.1307,258434,0,1887,0,NA,NA,Murcia, Spain,2022-01-18 16:21:15
634,Navarra,Spain,42.6954,-1.6761,179838,0,1348,0,NA,NA,Navarra, Spain,2022-01-18 16:21:15
635,Pais Vasco,Spain,42.9896,-2.6189,538429,0,5292,0,NA,NA,Pais Vasco, Spain,2022-01-18 16:21:15
636,Unknown,Spain,NA,NA,0,0,0,0,NA,NA,Unknown, Spain,2021-04-25 23:20:49
637,NA,Sri Lanka,7.873054,80.771797,597707,0,15231,0,NA,NA,Sri Lanka,2022-01-18 16:21:15
638,NA,Sudan,12.8628,30.2176,51802,0,3388,0,NA,NA,Sudan,2022-01-18 16:21:15
639,NA,Summer Olympics 2020,35.6491,139.7737,865,0,0,0,NA,NA,Summer Olympics 2020,2022-01-18 16:21:15
640,NA,Suriname,3.9193,-56.0278,65282,0,1216,0,NA,NA,Suriname,2022-01-18 16:21:15
641,Blekinge,Sweden,56.2784,15.018,18223,0,140,0,NA,NA,Blekinge, Sweden,2022-01-18 16:21:15
642,Dalarna,Sweden,61.0917,14.6664,41950,0,371,0,NA,NA,Dalarna, Sweden,2022-01-18 16:21:15
643,Gavleborg,Sweden,61.3012,16.1534,49234,0,580,0,NA,NA,Gavleborg, Sweden,2022-01-18 16:21:15
644,Gotland,Sweden,57.4684,18.4867,6179,0,54,0,NA,NA,Gotland, Sweden,2022-01-18 16:21:15
645,Halland,Sweden,56.8967,12.8034,63918,0,341,0,NA,NA,Halland, Sweden,2022-01-18 16:21:15
646,Jamtland Harjedalen,Sweden,63.1712,14.9592,19636,0,130,0,NA,NA,Jamtland Harjedalen, Sweden,2022-01-18 16:21:15
647,Jonkoping,Sweden,57.3708,14.3439,59481,0,577,0,NA,NA,Jonkoping, Sweden,2022-01-18 16:21:15
648,Kalmar,Sweden,57.235,16.1849,34355,0,263,0,NA,NA,Kalmar, Sweden,2022-01-18 16:21:15
649,Kronoberg,Sweden,56.7183,14.4115,31601,0,334,0,NA,NA,Kronoberg, Sweden,2022-01-18 16:21:15
650,Norrbotten,Sweden,66.8309,20.3992,34685,0,300,0,NA,NA,Norrbotten, Sweden,2022-01-18 16:21:15
651,Orebro,Sweden,59.535,15.0066,45898,0,364,0,NA,NA,Orebro, Sweden,2022-01-18 16:21:15
652,Ostergotland,Sweden,58.3454,15.5198,58236,0,675,0,NA,NA,Ostergotland, Sweden,2022-01-18 16:21:15
653,Skane,Sweden,55.9903,13.5958,238935,0,1892,0,NA,NA,Skane, Sweden,2022-01-18 16:21:15
654,Sormland,Sweden,59.0336,16.7519,39994,0,493,0,NA,NA,Sormland, Sweden,2022-01-18 16:21:15
655,Stockholm,Sweden,59.6025,18.1384,417548,0,4637,0,NA,NA,Stockholm, Sweden,2022-01-18 16:21:15
656,Uppsala,Sweden,60.0092,17.2715,59644,0,565,0,NA,NA,Uppsala, Sweden,2022-01-18 16:21:15
657,Varmland,Sweden,59.7294,13.2354,34248,0,233,0,NA,NA,Varmland, Sweden,2022-01-18 16:21:15
658,Vasterbotten,Sweden,65.3337,16.5162,34586,0,204,0,NA,NA,Vasterbotten, Sweden,2022-01-18 16:21:15
659,Vasternorrland,Sweden,63.4276,17.7292,35797,0,489,0,NA,NA,Vasternorrland, Sweden,2022-01-18 16:21:15
660,Vastmanland,Sweden,59.6714,16.2159,46744,0,391,0,NA,NA,Vastmanland, Sweden,2022-01-18 16:21:15
661,Vastra Gotaland,Sweden,58.2528,13.0596,278860,0,2524,0,NA,NA,Vastra Gotaland, Sweden,2022-01-18 16:21:15
662,NA,Switzerland,46.8182,8.2275,1763497,0,12529,0,NA,NA,Switzerland,2022-01-18 16:21:15
663,NA,Syria,34.802075,38.996815,50748,0,2950,0,NA,NA,Syria,2022-01-18 16:21:15
664,NA,Taiwan*,23.7,121,17951,0,851,0,NA,NA,Taiwan*,2022-01-18 16:21:15
665,NA,Tajikistan,38.861,71.2761,17493,0,125,0,NA,NA,Tajikistan,2022-01-18 16:21:15
666,NA,Tanzania,-6.369028,34.888822,31395,0,745,0,NA,NA,Tanzania,2022-01-18 16:21:15
667,NA,Thailand,15.870032,100.992541,2308615,0,21898,0,NA,NA,Thailand,2022-01-18 16:21:15
668,NA,Timor-Leste,-8.874217,125.727539,19865,0,122,0,NA,NA,Timor-Leste,2022-01-18 16:21:15
669,NA,Togo,8.6195,0.8248,35993,0,263,0,NA,NA,Togo,2022-01-18 16:21:15
670,NA,Tonga,-21.179,-175.1982,1,0,0,0,NA,NA,Tonga,2022-01-18 16:21:15
671,NA,Trinidad and Tobago,10.6918,-61.2225,101376,0,3208,0,NA,NA,Trinidad and Tobago,2022-01-18 16:21:15
672,NA,Tunisia,33.886917,9.537499,791917,0,25817,0,NA,NA,Tunisia,2022-01-18 16:21:15
673,NA,Turkey,38.9637,35.2433,10524029,0,84920,0,NA,NA,Turkey,2022-01-18 16:21:15
674,NA,Uganda,1.373333,32.290275,158933,0,3437,0,NA,NA,Uganda,2022-01-18 16:21:15
675,Cherkasy Oblast,Ukraine,49.4444,32.0598,131858,0,2725,0,NA,NA,Cherkasy Oblast, Ukraine,2022-01-18 16:21:15
676,Chernihiv Oblast,Ukraine,51.4982,31.2893,97158,0,2533,0,NA,NA,Chernihiv Oblast, Ukraine,2022-01-18 16:21:15
677,Chernivtsi Oblast,Ukraine,48.2917,25.9352,123048,0,3064,0,NA,NA,Chernivtsi Oblast, Ukraine,2022-01-18 16:21:15
678,Crimea Republic*,Ukraine,45.2835,34.2008,128595,0,4597,0,NA,NA,Crimea Republic*, Ukraine,2022-01-18 16:21:15
679,Dnipropetrovsk Oblast,Ukraine,48.4647,35.0462,245523,0,9039,0,NA,NA,Dnipropetrovsk Oblast, Ukraine,2022-01-18 16:21:15
680,Donetsk Oblast,Ukraine,48.0159,37.8028,171099,0,5234,0,NA,NA,Donetsk Oblast, Ukraine,2022-01-18 16:21:15
681,Ivano-Frankivsk Oblast,Ukraine,48.9226,24.7111,134935,0,3169,0,NA,NA,Ivano-Frankivsk Oblast, Ukraine,2022-01-18 16:21:15
682,Kharkiv Oblast,Ukraine,49.9935,36.2304,250153,0,6493,0,NA,NA,Kharkiv Oblast, Ukraine,2022-01-18 16:21:15
683,Kherson Oblast,Ukraine,46.6354,32.6169,80050,0,2727,0,NA,NA,Kherson Oblast, Ukraine,2022-01-18 16:21:15
684,Khmelnytskyi Oblast,Ukraine,49.423,26.9871,150539,0,3423,0,NA,NA,Khmelnytskyi Oblast, Ukraine,2022-01-18 16:21:15
685,Kiev,Ukraine,50.4501,30.5234,346228,0,8377,0,NA,NA,Kiev, Ukraine,2022-01-18 16:21:15
686,Kiev Oblast,Ukraine,50.053,30.7667,189581,0,4781,0,NA,NA,Kiev Oblast, Ukraine,2022-01-18 16:21:15
687,Kirovohrad Oblast,Ukraine,48.5079,32.2623,34123,0,1597,0,NA,NA,Kirovohrad Oblast, Ukraine,2022-01-18 16:21:15
688,Luhansk Oblast,Ukraine,48.574,39.3078,60958,0,2243,0,NA,NA,Luhansk Oblast, Ukraine,2022-01-18 16:21:15
689,Lviv Oblast,Ukraine,49.8397,24.0297,228608,0,6112,0,NA,NA,Lviv Oblast, Ukraine,2022-01-18 16:21:15
690,Mykolaiv Oblast,Ukraine,46.975,31.9946,117234,0,3354,0,NA,NA,Mykolaiv Oblast, Ukraine,2022-01-18 16:21:15
691,Odessa Oblast,Ukraine,46.4846,30.7326,244751,0,5658,0,NA,NA,Odessa Oblast, Ukraine,2022-01-18 16:21:15
692,Poltava Oblast,Ukraine,49.5883,34.5514,144603,0,3887,0,NA,NA,Poltava Oblast, Ukraine,2022-01-18 16:21:15
693,Rivne Oblast,Ukraine,50.6199,26.2516,130322,0,2326,0,NA,NA,Rivne Oblast, Ukraine,2022-01-18 16:21:15
694,Sevastopol*,Ukraine,44.6054,33.522,54091,0,1913,0,NA,NA,Sevastopol*, Ukraine,2022-01-18 16:21:15
695,Sumy Oblast,Ukraine,50.9077,34.7981,135676,0,2915,0,NA,NA,Sumy Oblast, Ukraine,2022-01-18 16:21:15
696,Ternopil Oblast,Ukraine,49.5535,25.5948,111351,0,2177,0,NA,NA,Ternopil Oblast, Ukraine,2022-01-18 16:21:15
697,Vinnytsia Oblast,Ukraine,49.2331,28.4682,116904,0,3256,0,NA,NA,Vinnytsia Oblast, Ukraine,2022-01-18 16:21:15
698,Volyn Oblast,Ukraine,50.7472,25.3254,105148,0,2224,0,NA,NA,Volyn Oblast, Ukraine,2022-01-18 16:21:15
699,Zakarpattia Oblast,Ukraine,48.6208,22.2879,90789,0,2491,0,NA,NA,Zakarpattia Oblast, Ukraine,2022-01-18 16:21:15
700,Zaporizhia Oblast,Ukraine,47.8388,35.1396,184063,0,5437,0,NA,NA,Zaporizhia Oblast, Ukraine,2022-01-18 16:21:15
701,Zhytomyr Oblast,Ukraine,50.2547,28.6587,143386,0,3307,0,NA,NA,Zhytomyr Oblast, Ukraine,2022-01-18 16:21:15
702,NA,United Arab Emirates,23.424076,53.847818,811029,0,2198,0,NA,NA,United Arab Emirates,2022-01-18 16:21:15
703,Anguilla,United Kingdom,18.2206,-63.0686,2109,0,7,0,NA,NA,Anguilla, United Kingdom,2022-01-18 16:21:15
704,Bermuda,United Kingdom,32.3078,-64.7505,9144,0,110,0,NA,NA,Bermuda, United Kingdom,2022-01-18 16:21:15
705,British Virgin Islands,United Kingdom,18.4207,-64.64,5449,0,47,0,NA,NA,British Virgin Islands, United Kingdom,2022-01-18 16:21:15
706,Cayman Islands,United Kingdom,19.3133,-81.2546,12023,0,15,0,NA,NA,Cayman Islands, United Kingdom,2022-01-18 16:21:15
707,Channel Islands,United Kingdom,49.3723,-2.3644,36852,0,122,0,NA,NA,Channel Islands, United Kingdom,2022-01-18 16:21:15
708,England,United Kingdom,52.3555,-1.1743,12979908,0,132264,0,NA,NA,England, United Kingdom,2022-01-18 16:21:15
709,Falkland Islands (Malvinas),United Kingdom,-51.7963,-59.5236,85,0,0,0,NA,NA,Falkland Islands (Malvinas), United Kingdom,2022-01-18 16:21:15
710,Gibraltar,United Kingdom,36.1408,-5.3536,11064,0,100,0,NA,NA,Gibraltar, United Kingdom,2022-01-18 16:21:15
711,Isle of Man,United Kingdom,54.2361,-4.5481,19956,0,70,0,NA,NA,Isle of Man, United Kingdom,2022-01-18 16:21:15
712,Montserrat,United Kingdom,16.742498,-62.187366,146,0,1,0,NA,NA,Montserrat, United Kingdom,2022-01-18 16:21:15
713,Northern Ireland,United Kingdom,54.7877,-6.4923,483627,0,3042,0,NA,NA,Northern Ireland, United Kingdom,2022-01-18 16:21:15
714,Saint Helena, Ascension and Tristan da Cunha,United Kingdom,-7.9467,-14.3559,4,0,0,0,NA,NA,Saint Helena, Ascension and Tristan da Cunha, United Kingdom,2022-01-18 16:21:15
715,Scotland,United Kingdom,56.4907,-4.2026,1097158,0,10062,0,NA,NA,Scotland, United Kingdom,2022-01-18 16:21:15
716,Turks and Caicos Islands,United Kingdom,21.694,-71.7979,5110,0,30,0,NA,NA,Turks and Caicos Islands, United Kingdom,2022-01-18 16:21:15
717,Unknown,United Kingdom,NA,NA,0,0,0,0,NA,NA,Unknown, United Kingdom,2022-01-18 16:21:15
718,Wales,United Kingdom,52.1307,-3.7837,744717,0,6707,0,NA,NA,Wales, United Kingdom,2022-01-18 16:21:15
719,NA,Uruguay,-32.5228,-55.7658,520822,0,6248,0,NA,NA,Uruguay,2022-01-18 16:21:15
720,NA,Uzbekistan,41.377491,64.585262,207057,0,1522,0,NA,NA,Uzbekistan,2022-01-18 16:21:15
721,NA,Vanuatu,-15.3767,166.9592,7,0,1,0,NA,NA,Vanuatu,2022-01-18 16:21:15
722,NA,Venezuela,6.4238,-66.5897,456641,0,5383,0,NA,NA,Venezuela,2022-01-18 16:21:15
723,NA,Vietnam,14.058324,108.277199,2062128,0,35972,0,NA,NA,Vietnam,2022-01-18 16:21:15
724,NA,West Bank and Gaza,31.9522,35.2332,476328,0,5019,0,NA,NA,West Bank and Gaza,2022-01-18 16:21:15
725,NA,Yemen,15.552727,48.516388,10352,0,1992,0,NA,NA,Yemen,2022-01-18 16:21:15
726,NA,Zambia,-13.133897,27.849332,296817,0,3866,0,NA,NA,Zambia,2022-01-18 16:21:15
727,NA,Zimbabwe,-19.015438,29.154857,226460,0,5258,0,NA,NA,Zimbabwe,2022-01-18 16:21:15
728,Mississippi,US,32.741646,-89.678696,634628,0,10625,0,NA,28,Mississippi, US,2022-01-18 16:21:15
729,Grand Princess,US,37.64894,-122.665479,103,0,3,0,NA,NA,Grand Princess, US,2020-08-04 02:27:56
730,Oklahoma,US,35.565342,-96.928917,839143,0,12775,0,NA,40,Oklahoma, US,2022-01-18 16:21:15
731,Delaware,US,39.318523,-75.507141,229759,0,2424,0,NA,10,Delaware, US,2022-01-18 16:21:15
732,Minnesota,US,45.694454,-93.900192,1138246,0,11111,0,NA,27,Minnesota, US,2022-01-18 16:21:15
733,Illinois,US,40.349457,-88.986137,2589640,0,31532,0,NA,17,Illinois, US,2022-01-18 16:21:15
734,Arkansas,US,34.969704,-92.373123,684776,0,9437,0,NA,05,Arkansas, US,2022-01-18 16:21:15
735,New Mexico,US,34.840515,-106.248482,398939,0,6145,0,NA,35,New Mexico, US,2022-01-18 16:21:15
736,Indiana,US,39.849426,-86.258278,1462456,0,20308,0,NA,18,Indiana, US,2022-01-18 16:21:15
737,Louisiana,US,31.169546,-91.867805,996623,0,15137,0,NA,22,Louisiana, US,2022-01-18 16:21:15
738,Texas,US,31.054487,-97.563461,5565494,0,77223,0,NA,48,Texas, US,2022-01-18 16:21:15
739,Wisconsin,US,44.268543,-89.616508,1380799,0,11712,0,NA,55,Wisconsin, US,2022-01-18 16:21:15
740,Kansas,US,38.5266,-96.726486,621692,0,7163,0,NA,20,Kansas, US,2022-01-18 16:21:15
741,Recovered,US,0,0,0,0,0,0,NA,NA,Recovered, US,2022-01-18 16:21:15
742,American Samoa,US,-14.271,-170.132,10,0,0,0,NA,NA,American Samoa, US,2022-01-18 16:21:15
743,Connecticut,US,41.597782,-72.755371,653416,0,9554,0,NA,09,Connecticut, US,2022-01-18 16:21:15
744,Virgin Islands,US,18.3358,-64.8963,13760,0,91,0,NA,NA,Virgin Islands, US,2022-01-18 16:21:15
745,California,US,36.116203,-119.681564,7143318,0,77938,0,NA,06,California, US,2022-01-18 16:21:15
746,Puerto Rico,US,18.2208,-66.5901,419350,0,3542,0,NA,72,Puerto Rico, US,2022-01-18 16:21:15
747,Georgia,US,33.040619,-83.643074,2148468,0,31997,0,NA,13,Georgia, US,2022-01-18 16:21:15
748,North Dakota,US,47.528912,-99.784012,196299,0,2092,0,NA,38,North Dakota, US,2022-01-18 16:21:15
749,Pennsylvania,US,40.590752,-77.209755,2474466,0,38619,0,NA,42,Pennsylvania, US,2022-01-18 16:21:15
750,West Virginia,US,38.491226,-80.954453,392737,0,5561,0,NA,54,West Virginia, US,2022-01-18 16:21:15
751,Alaska,US,61.370716,-152.404419,178618,0,987,0,NA,02,Alaska, US,2022-01-18 16:21:15
752,Tennessee,US,35.747845,-86.692345,1540515,0,21121,0,NA,47,Tennessee, US,2022-01-18 16:21:15
753,United States Virgin Islands,US,18.35,-64.933,0,0,0,0,NA,NA,United States Virgin Islands, US,NA
754,Missouri,US,38.456085,-92.288368,1185499,0,16822,0,NA,29,Missouri, US,2022-01-18 16:21:15
755,South Dakota,US,44.299782,-99.438828,203137,0,2559,0,NA,46,South Dakota, US,2022-01-18 16:21:15
756,Colorado,US,39.059811,-105.311104,1133675,0,10659,0,NA,08,Colorado, US,2022-01-18 16:21:15
757,New Jersey,US,40.298904,-74.521011,2014702,0,30170,0,NA,34,New Jersey, US,2022-01-18 16:21:15
758,Guam,US,13.4443,144.7937,24218,0,274,0,NA,NA,Guam, US,2022-01-18 16:21:15
759,Washington,US,47.400902,-121.490494,1041456,0,10196,0,NA,53,Washington, US,2022-01-18 16:21:15
760,New York,US,42.165726,-74.948051,4554832,0,62324,0,NA,36,New York, US,2022-01-18 16:21:15
761,Nevada,US,38.313515,-117.055374,549198,0,8626,0,NA,32,Nevada, US,2022-01-18 16:21:15
762,Northern Mariana Islands,US,15.0979,145.6739,3971,0,21,0,NA,NA,Northern Mariana Islands, US,2022-01-18 16:21:15
763,Diamond Princess,US,35.4437,139.638,49,0,0,0,NA,NA,Diamond Princess, US,2020-08-04 02:27:56
764,Maryland,US,39.063946,-76.802101,909424,0,12786,0,NA,24,Maryland, US,2022-01-18 16:21:15
765,Idaho,US,44.240459,-114.478828,340857,0,4274,0,NA,16,Idaho, US,2022-01-18 16:21:15
766,Wyoming,US,42.755966,-107.30249,126468,0,1588,0,NA,56,Wyoming, US,2022-01-18 16:21:15
767,Arizona,US,33.729759,-111.431221,1621858,0,25212,0,NA,04,Arizona, US,2022-01-18 16:21:15
768,Iowa,US,42.011539,-93.210526,645410,0,8201,0,NA,19,Iowa, US,2022-01-18 16:21:15
769,Michigan,US,43.326618,-84.536095,1984056,0,30709,0,NA,26,Michigan, US,2022-01-18 16:21:15
770,Utah,US,40.150032,-111.862434,750334,0,3951,0,NA,49,Utah, US,2022-01-18 16:21:15
771,Virginia,US,37.769337,-78.169968,1407403,0,15822,0,NA,51,Virginia, US,2022-01-18 16:21:15
772,Oregon,US,44.572021,-122.070938,513391,0,5883,0,NA,41,Oregon, US,2022-01-18 16:21:15
773,Montana,US,46.921925,-110.454353,212078,0,2945,0,NA,30,Montana, US,2022-01-18 16:21:15
774,New Hampshire,US,43.452492,-71.563896,235898,0,2079,0,NA,33,New Hampshire, US,2022-01-18 16:21:15
775,Massachusetts,US,42.230171,-71.530106,1426283,0,20939,0,NA,25,Massachusetts, US,2022-01-18 16:21:15
776,South Carolina,US,33.856892,-80.945007,1153125,0,14914,0,NA,45,South Carolina, US,2022-01-18 16:21:15
777,Vermont,US,44.045876,-72.710686,90668,0,497,0,NA,50,Vermont, US,2022-01-18 16:21:15
778,Florida,US,27.766279,-81.686783,5041918,0,62504,0,NA,12,Florida, US,2022-01-18 16:21:15
779,Hawaii,US,21.094318,-157.498337,174586,0,1126,0,NA,15,Hawaii, US,2022-01-18 16:21:15
780,Kentucky,US,37.66814,-84.670067,975346,0,12518,0,NA,21,Kentucky, US,2022-01-18 16:21:15
781,Rhode Island,US,41.680893,-71.51178,313700,0,3188,0,NA,44,Rhode Island, US,2022-01-18 16:21:15
782,Nebraska,US,41.12537,-98.268082,392027,0,3540,0,NA,31,Nebraska, US,2022-01-18 16:21:15
783,Ohio,US,40.388783,-82.764915,2403645,0,30922,0,NA,39,Ohio, US,2022-01-18 16:21:15
784,Alabama,US,32.3182,-86.9023,1071264,0,16734,0,NA,01,Alabama, US,2022-01-18 16:21:15
785,North Carolina,US,35.630066,-79.806419,2011302,0,19903,0,NA,37,North Carolina, US,2022-01-18 16:21:15
786,District of Columbia,US,38.897438,-77.026817,121871,0,1255,0,NA,11,District of Columbia, US,2022-01-18 16:21:15
787,Maine,US,44.693947,-69.381927,161395,0,1658,0,NA,23,Maine, US,2022-01-18 16:21:15
